year,country_name,country_id,v2x_polyarchy,e_gdppc,e_regionpol_6C,demregion,v2smgovsmcenprc,v2x_gender,IGO_count,IGO_participation_level
1990,Mexico,3,0.396,11.389,2,0.55928,NA,0.534,74,High
1991,Mexico,3,0.418,11.635,2,0.57996,NA,0.505,73,High
1992,Mexico,3,0.441,11.883,2,0.5848,NA,0.505,72,High
1993,Mexico,3,0.451,11.983,2,0.59928,NA,0.516,74,High
1994,Mexico,3,0.472,12.043,2,0.60964,NA,0.631,82,High
1995,Mexico,3,0.489,11.742,2,0.61876,NA,0.636,83,High
1996,Mexico,3,0.511,12.059,2,0.63376,NA,0.636,83,High
1997,Mexico,3,0.56,12.58,2,0.64032,NA,0.636,83,High
1998,Mexico,3,0.599,12.948,2,0.64624,NA,0.636,84,High
1999,Mexico,3,0.605,13.346,2,0.6428,NA,0.636,86,High
2000,Mexico,3,0.667,13.653,2,0.6508,1.46,0.652,87,High
2001,Mexico,3,0.684,13.645,2,0.66144,1.46,0.652,88,High
2002,Mexico,3,0.694,13.635,2,0.66508,1.46,0.652,85,High
2003,Mexico,3,0.702,13.713,2,0.66888,1.46,0.683,89,High
2004,Mexico,3,0.71,14.061,2,0.66472,1.46,0.683,92,High
2005,Mexico,3,0.71,14.332,2,0.66496,1.46,0.683,95,High
2006,Mexico,3,0.675,14.584,2,0.66556,1.131,0.683,93,High
2007,Mexico,3,0.644,14.729,2,0.66224,1.131,0.689,93,High
2008,Mexico,3,0.643,14.771,2,0.66204,1.131,0.687,93,High
2009,Mexico,3,0.641,14.425,2,0.66192,1.131,0.704,95,High
2010,Mexico,3,0.649,14.779,2,0.65984,1.131,0.718,97,High
2011,Mexico,3,0.647,15.128,2,0.65932,1.131,0.725,95,High
2012,Mexico,3,0.645,15.415,2,0.65672,0.848,0.737,97,High
2013,Mexico,3,0.618,15.571,2,0.64816,1.581,0.748,99,High
2014,Mexico,3,0.618,15.737,2,0.64972,1.581,0.747,97,High
1990,Suriname,4,0.743,7.687,2,0.55928,NA,0.694,34,Low
1991,Suriname,4,0.456,7.682,2,0.57996,NA,0.705,34,Low
1992,Suriname,4,0.768,7.59,2,0.5848,NA,0.752,35,Low
1993,Suriname,4,0.77,7.243,2,0.59928,NA,0.782,35,Low
1994,Suriname,4,0.77,7.183,2,0.60964,NA,0.782,38,Low
1995,Suriname,4,0.77,7.095,2,0.61876,NA,0.782,41,Low
1996,Suriname,4,0.778,7.303,2,0.63376,NA,0.824,42,Low
1997,Suriname,4,0.783,7.539,2,0.64032,NA,0.829,45,Low
1998,Suriname,4,0.783,7.617,2,0.64624,NA,0.829,47,Low
1999,Suriname,4,0.783,7.492,2,0.6428,NA,0.829,47,Low
2000,Suriname,4,0.79,7.671,2,0.6508,1.486,0.847,49,Low
2001,Suriname,4,0.788,7.932,2,0.66144,1.486,0.843,50,Low
2002,Suriname,4,0.788,8.25,2,0.66508,1.486,0.843,50,Low
2003,Suriname,4,0.788,8.667,2,0.66888,1.486,0.843,51,Medium
2004,Suriname,4,0.788,9.156,2,0.66472,1.486,0.849,52,Medium
2005,Suriname,4,0.786,9.545,2,0.66496,1.486,0.861,53,Medium
2006,Suriname,4,0.785,10.008,2,0.66556,1.486,0.861,52,Medium
2007,Suriname,4,0.782,10.481,2,0.66224,1.486,0.861,52,Medium
2008,Suriname,4,0.782,10.918,2,0.66204,1.486,0.861,54,Medium
2009,Suriname,4,0.782,11.29,2,0.66192,1.486,0.861,55,Medium
2010,Suriname,4,0.77,11.815,2,0.65984,1.486,0.808,55,Medium
2011,Suriname,4,0.762,12.351,2,0.65932,1.486,0.808,55,Medium
2012,Suriname,4,0.762,12.672,2,0.65672,1.486,0.808,56,Medium
2013,Suriname,4,0.762,12.831,2,0.64816,1.486,0.803,56,Medium
2014,Suriname,4,0.762,12.786,2,0.64972,1.486,0.812,55,Medium
1990,Sweden,5,0.915,30.348,5,0.860625,NA,0.948,96,High
1991,Sweden,5,0.916,30.18,5,0.862333333,NA,0.947,96,High
1992,Sweden,5,0.916,29.787,5,0.86475,NA,0.95,99,High
1993,Sweden,5,0.916,29.357,5,0.865791667,NA,0.945,99,High
1994,Sweden,5,0.915,30.079,5,0.86575,NA,0.947,101,High
1995,Sweden,5,0.915,31.085,5,0.865875,NA,0.948,104,High
1996,Sweden,5,0.915,31.746,5,0.867791667,NA,0.951,105,High
1997,Sweden,5,0.915,32.894,5,0.867791667,NA,0.951,104,High
1998,Sweden,5,0.914,34.167,5,0.867,NA,0.952,109,High
1999,Sweden,5,0.912,35.744,5,0.868458333,NA,0.948,105,High
2000,Sweden,5,0.912,36.902,5,0.870625,2.164,0.951,101,High
2001,Sweden,5,0.912,37.555,5,0.869125,2.164,0.951,101,High
2002,Sweden,5,0.914,38.117,5,0.86925,2.164,0.951,101,High
2003,Sweden,5,0.917,38.849,5,0.870166667,2.164,0.951,101,High
2004,Sweden,5,0.917,40.198,5,0.870291667,2.164,0.951,102,High
2005,Sweden,5,0.917,41.079,5,0.871958333,2.164,0.951,102,High
2006,Sweden,5,0.919,42.378,5,0.874458333,2.164,0.951,102,High
2007,Sweden,5,0.923,43.362,5,0.878416667,2.164,0.951,103,High
2008,Sweden,5,0.923,43.457,5,0.881166667,2.164,0.951,102,High
2009,Sweden,5,0.923,42.656,5,0.883125,2.164,0.951,103,High
2010,Sweden,5,0.922,43.325,5,0.884375,2.164,0.951,103,High
2011,Sweden,5,0.921,43.82,5,0.883666667,2.164,0.955,101,High
2012,Sweden,5,0.922,43.817,5,0.883958333,2.164,0.952,102,High
2013,Sweden,5,0.924,43.978,5,0.879083333,2.164,0.953,103,High
2014,Sweden,5,0.921,44.924,5,0.877583333,2.164,0.952,102,High
1990,Switzerland,6,0.887,38.159,5,0.860625,NA,0.893,80,High
1991,Switzerland,6,0.889,38.158,5,0.862333333,NA,0.903,79,High
1992,Switzerland,6,0.889,37.938,5,0.86475,NA,0.903,86,High
1993,Switzerland,6,0.889,37.619,5,0.865791667,NA,0.903,86,High
1994,Switzerland,6,0.889,37.864,5,0.86575,NA,0.903,86,High
1995,Switzerland,6,0.89,37.959,5,0.865875,NA,0.911,88,High
1996,Switzerland,6,0.893,38.373,5,0.867791667,NA,0.911,89,High
1997,Switzerland,6,0.893,39.19,5,0.867791667,NA,0.911,88,High
1998,Switzerland,6,0.893,40.451,5,0.867,NA,0.916,91,High
1999,Switzerland,6,0.892,41.134,5,0.868458333,NA,0.918,91,High
2000,Switzerland,6,0.89,42.208,5,0.870625,2.013,0.927,91,High
2001,Switzerland,6,0.89,42.74,5,0.869125,2.013,0.927,90,High
2002,Switzerland,6,0.89,44.09,5,0.86925,2.013,0.929,90,High
2003,Switzerland,6,0.89,44.478,5,0.870166667,2.013,0.932,90,High
2004,Switzerland,6,0.889,45.295,5,0.870291667,2.013,0.932,92,High
2005,Switzerland,6,0.889,46.618,5,0.871958333,2.013,0.932,92,High
2006,Switzerland,6,0.889,48.41,5,0.874458333,2.013,0.932,93,High
2007,Switzerland,6,0.891,50.126,5,0.878416667,2.013,0.934,93,High
2008,Switzerland,6,0.899,51.129,5,0.881166667,2.013,0.934,92,High
2009,Switzerland,6,0.899,50.844,5,0.883125,2.013,0.934,93,High
2010,Switzerland,6,0.899,51.349,5,0.884375,2.013,0.934,93,High
2011,Switzerland,6,0.901,52.321,5,0.883666667,2.013,0.934,92,High
2012,Switzerland,6,0.911,52.442,5,0.883958333,2.013,0.934,92,High
2013,Switzerland,6,0.911,53.1,5,0.879083333,2.013,0.934,94,High
2014,Switzerland,6,0.911,53.504,5,0.877583333,2.013,0.934,93,High
1990,Ghana,7,0.105,2.447,4,0.229020408,NA,0.514,65,Medium
1991,Ghana,7,0.107,2.5,4,0.26592,NA,0.514,67,Medium
1992,Ghana,7,0.175,2.505,4,0.30298,NA,0.524,65,Medium
1993,Ghana,7,0.448,2.502,4,0.33768,NA,0.696,66,Medium
1994,Ghana,7,0.49,2.533,4,0.34814,NA,0.754,67,Medium
1995,Ghana,7,0.504,2.575,4,0.3631,NA,0.761,69,Medium
1996,Ghana,7,0.518,2.623,4,0.36504,NA,0.764,68,Medium
1997,Ghana,7,0.598,2.692,4,0.36898,NA,0.766,71,High
1998,Ghana,7,0.598,2.738,4,0.37242,NA,0.766,69,Medium
1999,Ghana,7,0.603,2.802,4,0.36896,NA,0.766,69,Medium
2000,Ghana,7,0.665,2.869,4,0.37548,1.928,0.779,70,Medium
2001,Ghana,7,0.726,2.876,4,0.3784,1.928,0.785,68,Medium
2002,Ghana,7,0.733,2.937,4,0.38958,0.711,0.788,71,High
2003,Ghana,7,0.733,3.015,4,0.401,1.205,0.788,70,Medium
2004,Ghana,7,0.739,3.102,4,0.40568,1.205,0.811,71,High
2005,Ghana,7,0.735,3.191,4,0.41424,1.205,0.811,71,High
2006,Ghana,7,0.735,3.284,4,0.4292,1.205,0.811,70,Medium
2007,Ghana,7,0.738,3.404,4,0.43482,1.205,0.811,70,Medium
2008,Ghana,7,0.736,3.586,4,0.4316,1.205,0.796,72,High
2009,Ghana,7,0.76,3.696,4,0.42536,1.205,0.796,75,High
2010,Ghana,7,0.769,3.886,4,0.42482,1.205,0.8,76,High
2011,Ghana,7,0.769,4.278,4,0.430411765,1.205,0.797,73,High
2012,Ghana,7,0.773,4.57,4,0.425352941,1.205,0.809,74,High
2013,Ghana,7,0.751,4.761,4,0.425372549,1.205,0.811,77,High
2014,Ghana,7,0.742,4.848,4,0.43772549,1.205,0.796,74,High
1990,Japan,9,0.841,30.095,6,0.321357143,NA,0.726,78,High
1991,Japan,9,0.841,31.338,6,0.325642857,NA,0.726,76,High
1992,Japan,9,0.841,31.956,6,0.337857143,NA,0.726,78,High
1993,Japan,9,0.841,32.323,6,0.356714286,NA,0.728,78,High
1994,Japan,9,0.841,32.897,6,0.360178571,NA,0.728,78,High
1995,Japan,9,0.841,33.692,6,0.362964286,NA,0.741,81,High
1996,Japan,9,0.841,34.483,6,0.362714286,NA,0.753,81,High
1997,Japan,9,0.841,34.803,6,0.378107143,NA,0.753,82,High
1998,Japan,9,0.841,34.715,6,0.385428571,NA,0.753,84,High
1999,Japan,9,0.841,34.734,6,0.393392857,NA,0.753,84,High
2000,Japan,9,0.842,35.141,6,0.38625,1.242,0.779,83,High
2001,Japan,9,0.843,35.263,6,0.382964286,1.242,0.792,85,High
2002,Japan,9,0.843,35.437,6,0.406392857,1.242,0.792,85,High
2003,Japan,9,0.843,35.837,6,0.417714286,1.242,0.79,85,High
2004,Japan,9,0.842,36.325,6,0.417178571,1.242,0.794,84,High
2005,Japan,9,0.844,36.684,6,0.419071429,1.242,0.804,85,High
2006,Japan,9,0.848,37.068,6,0.402428571,1.242,0.807,85,High
2007,Japan,9,0.848,37.27,6,0.388678571,1.242,0.807,86,High
2008,Japan,9,0.848,36.766,6,0.424071429,1.242,0.807,86,High
2009,Japan,9,0.856,35.875,6,0.445964286,1.242,0.814,85,High
2010,Japan,9,0.857,36.421,6,0.450071429,1.345,0.822,86,High
2011,Japan,9,0.857,36.294,6,0.456,1.345,0.822,87,High
2012,Japan,9,0.852,36.698,6,0.452357143,1.345,0.798,87,High
2013,Japan,9,0.834,37.207,6,0.439892857,1.345,0.792,88,High
2014,Japan,9,0.834,37.546,6,0.435928571,1.663,0.798,86,High
1990,Russia,11,0.237,16.778,1,0.479782609,NA,0.519,50,Low
1991,Russia,11,0.256,16.345,1,0.473461538,NA,0.51,55,Medium
1992,Russia,11,0.502,15.199,1,0.499296296,NA,0.679,60,Medium
1993,Russia,11,0.483,13.8,1,0.530535714,NA,0.634,66,Medium
1994,Russia,11,0.482,12.262,1,0.52825,NA,0.649,68,Medium
1995,Russia,11,0.48,11.531,1,0.526607143,NA,0.709,70,Medium
1996,Russia,11,0.467,11.018,1,0.523571429,NA,0.711,76,High
1997,Russia,11,0.462,10.875,1,0.5335,NA,0.711,78,High
1998,Russia,11,0.462,10.723,1,0.530103448,NA,0.711,83,High
1999,Russia,11,0.466,11.189,1,0.525133333,NA,0.694,83,High
2000,Russia,11,0.412,12.168,1,0.529366667,0.237,0.657,83,High
2001,Russia,11,0.381,12.862,1,0.531666667,0.237,0.651,86,High
2002,Russia,11,0.359,13.617,1,0.545966667,0.237,0.667,85,High
2003,Russia,11,0.347,14.698,1,0.550833333,0.237,0.66,86,High
2004,Russia,11,0.324,15.939,1,0.5523,0.237,0.673,86,High
2005,Russia,11,0.321,17.408,1,0.554366667,0.237,0.653,87,High
2006,Russia,11,0.325,19.079,1,0.556466667,0.237,0.69,90,High
2007,Russia,11,0.314,20.807,1,0.5545,0.237,0.684,89,High
2008,Russia,11,0.308,21.815,1,0.551666667,-0.186,0.686,90,High
2009,Russia,11,0.309,21.602,1,0.556866667,-0.186,0.69,90,High
2010,Russia,11,0.307,22.508,1,0.561766667,-0.33,0.682,93,High
2011,Russia,11,0.305,23.788,1,0.5646,-0.534,0.696,91,High
2012,Russia,11,0.282,24.512,1,0.5606,-0.659,0.684,91,High
2013,Russia,11,0.277,24.842,1,0.5531,-0.659,0.674,92,High
2014,Russia,11,0.27,24.785,1,0.5505,-0.843,0.675,90,High
1990,Albania,12,0.187,3.808,1,0.479782609,NA,0.465,13,Low
1991,Albania,12,0.369,3.215,1,0.473461538,NA,0.543,22,Low
1992,Albania,12,0.418,2.982,1,0.499296296,NA,0.574,27,Low
1993,Albania,12,0.416,3.167,1,0.530535714,NA,0.599,30,Low
1994,Albania,12,0.412,3.459,1,0.52825,NA,0.606,36,Low
1995,Albania,12,0.426,3.769,1,0.526607143,NA,0.609,43,Low
1996,Albania,12,0.381,4.007,1,0.523571429,NA,0.643,45,Low
1997,Albania,12,0.369,3.912,1,0.5335,NA,0.602,45,Low
1998,Albania,12,0.386,4.144,1,0.530103448,NA,0.63,45,Low
1999,Albania,12,0.389,4.523,1,0.525133333,NA,0.655,47,Low
2000,Albania,12,0.401,4.839,1,0.529366667,1.482,0.659,49,Low
2001,Albania,12,0.433,5.237,1,0.531666667,1.482,0.676,49,Low
2002,Albania,12,0.477,5.567,1,0.545966667,1.482,0.686,49,Low
2003,Albania,12,0.482,5.922,1,0.550833333,1.482,0.702,51,Medium
2004,Albania,12,0.474,6.262,1,0.5523,1.482,0.702,52,Medium
2005,Albania,12,0.505,6.668,1,0.554366667,1.482,0.757,53,Medium
2006,Albania,12,0.536,7.131,1,0.556466667,1.482,0.757,54,Medium
2007,Albania,12,0.54,7.655,1,0.5545,1.482,0.757,56,Medium
2008,Albania,12,0.538,8.208,1,0.551666667,2.065,0.757,58,Medium
2009,Albania,12,0.534,8.679,1,0.556866667,2.065,0.799,60,Medium
2010,Albania,12,0.535,9.033,1,0.561766667,2.065,0.795,61,Medium
2011,Albania,12,0.535,9.26,1,0.5646,2.065,0.795,62,Medium
2012,Albania,12,0.53,9.442,1,0.5606,2.065,0.795,62,Medium
2013,Albania,12,0.508,9.58,1,0.5531,2.065,0.818,63,Medium
2014,Albania,12,0.509,9.766,1,0.5505,2.065,0.825,61,Medium
1990,Egypt,13,0.218,3.498,3,0.182714286,NA,0.381,79,High
1991,Egypt,13,0.209,3.647,3,0.1921,NA,0.381,79,High
1992,Egypt,13,0.209,3.789,3,0.1906,NA,0.381,80,High
1993,Egypt,13,0.212,3.967,3,0.1949,NA,0.381,82,High
1994,Egypt,13,0.212,4.145,3,0.20005,NA,0.381,86,High
1995,Egypt,13,0.211,4.361,3,0.20005,NA,0.38,87,High
1996,Egypt,13,0.212,4.631,3,0.2232,NA,0.38,86,High
1997,Egypt,13,0.209,4.82,3,0.22805,NA,0.38,86,High
1998,Egypt,13,0.21,4.957,3,0.2291,NA,0.38,89,High
1999,Egypt,13,0.21,5.119,3,0.2315,NA,0.38,87,High
2000,Egypt,13,0.21,5.265,3,0.23545,-1.576,0.368,89,High
2001,Egypt,13,0.202,5.413,3,0.2408,-1.576,0.365,89,High
2002,Egypt,13,0.202,5.503,3,0.2485,-1.576,0.365,90,High
2003,Egypt,13,0.202,5.594,3,0.2582,-1.576,0.365,88,High
2004,Egypt,13,0.206,5.699,3,0.26205,-1.576,0.377,87,High
2005,Egypt,13,0.207,5.904,3,0.2681,-1.576,0.36,87,High
2006,Egypt,13,0.209,6.19,3,0.27665,-1.576,0.364,86,High
2007,Egypt,13,0.209,6.574,3,0.26347619,-1.576,0.367,87,High
2008,Egypt,13,0.209,7.029,3,0.255904762,-1.576,0.366,91,High
2009,Egypt,13,0.209,7.395,3,0.255666667,-1.576,0.361,90,High
2010,Egypt,13,0.209,7.768,3,0.254619048,-1.576,0.431,91,High
2011,Egypt,13,0.208,8.008,3,0.266190476,-1.349,0.364,89,High
2012,Egypt,13,0.298,8.173,3,0.301238095,-1.349,0.362,90,High
2013,Egypt,13,0.186,8.222,3,0.302190476,-1.349,0.285,93,High
2014,Egypt,13,0.136,8.269,3,0.282619048,-1.142,0.314,90,High
1990,Yemen,14,0.229,1.819,3,0.182714286,NA,0.216,35,Low
1991,Yemen,14,0.288,1.785,3,0.1921,NA,0.277,38,Low
1992,Yemen,14,0.287,1.776,3,0.1906,NA,0.277,38,Low
1993,Yemen,14,0.316,1.778,3,0.1949,NA,0.264,40,Low
1994,Yemen,14,0.326,1.8,3,0.20005,NA,0.26,43,Low
1995,Yemen,14,0.303,1.876,3,0.20005,NA,0.237,43,Low
1996,Yemen,14,0.303,1.985,3,0.2232,NA,0.237,44,Low
1997,Yemen,14,0.285,2.07,3,0.22805,NA,0.237,47,Low
1998,Yemen,14,0.272,2.168,3,0.2291,NA,0.237,48,Low
1999,Yemen,14,0.27,2.248,3,0.2315,NA,0.236,50,Low
2000,Yemen,14,0.269,2.362,3,0.23545,-0.213,0.242,50,Low
2001,Yemen,14,0.269,2.479,3,0.2408,-0.213,0.242,48,Low
2002,Yemen,14,0.269,2.615,3,0.2485,-0.213,0.242,47,Low
2003,Yemen,14,0.285,2.778,3,0.2582,-0.213,0.24,47,Low
2004,Yemen,14,0.291,2.995,3,0.26205,-0.213,0.24,48,Low
2005,Yemen,14,0.292,3.253,3,0.2681,-0.213,0.241,49,Low
2006,Yemen,14,0.292,3.354,3,0.27665,-0.213,0.241,49,Low
2007,Yemen,14,0.292,3.434,3,0.26347619,-0.213,0.241,51,Medium
2008,Yemen,14,0.292,3.499,3,0.255904762,-0.213,0.241,53,Medium
2009,Yemen,14,0.294,3.563,3,0.255666667,-0.213,0.241,54,Medium
2010,Yemen,14,0.297,3.59,3,0.254619048,-0.255,0.235,55,Medium
2011,Yemen,14,0.32,3.328,3,0.266190476,-0.938,0.268,56,Medium
2012,Yemen,14,0.376,3.164,3,0.301238095,-0.33,0.285,56,Medium
2013,Yemen,14,0.349,3.046,3,0.302190476,-0.33,0.266,57,Medium
2014,Yemen,14,0.317,2.751,3,0.282619048,-1.077,0.201,55,Medium
1990,Colombia,15,0.476,7.745,2,0.55928,NA,0.537,68,Medium
1991,Colombia,15,0.517,7.858,2,0.57996,NA,0.719,68,Medium
1992,Colombia,15,0.561,8.044,2,0.5848,NA,0.743,69,Medium
1993,Colombia,15,0.561,8.257,2,0.59928,NA,0.743,70,Medium
1994,Colombia,15,0.56,8.535,2,0.60964,NA,0.749,74,High
1995,Colombia,15,0.562,8.727,2,0.61876,NA,0.749,77,High
1996,Colombia,15,0.554,8.807,2,0.63376,NA,0.749,78,High
1997,Colombia,15,0.554,8.851,2,0.64032,NA,0.749,79,High
1998,Colombia,15,0.545,8.695,2,0.64624,NA,0.754,83,High
1999,Colombia,15,0.538,8.411,2,0.6428,NA,0.754,81,High
2000,Colombia,15,0.547,8.43,2,0.6508,0.573,0.74,83,High
2001,Colombia,15,0.545,8.405,2,0.66144,0.573,0.74,84,High
2002,Colombia,15,0.539,8.468,2,0.66508,0.573,0.734,83,High
2003,Colombia,15,0.535,8.705,2,0.66888,0.573,0.734,85,High
2004,Colombia,15,0.538,8.961,2,0.66472,0.573,0.734,87,High
2005,Colombia,15,0.541,9.315,2,0.66496,0.573,0.734,88,High
2006,Colombia,15,0.563,9.784,2,0.66556,0.573,0.711,86,High
2007,Colombia,15,0.575,10.227,2,0.66224,0.573,0.731,87,High
2008,Colombia,15,0.577,10.69,2,0.66204,0.573,0.731,87,High
2009,Colombia,15,0.58,10.887,2,0.66192,0.573,0.731,88,High
2010,Colombia,15,0.617,11.331,2,0.65984,0.689,0.772,88,High
2011,Colombia,15,0.652,11.945,2,0.65932,0.689,0.781,89,High
2012,Colombia,15,0.656,12.278,2,0.65672,0.689,0.781,89,High
2013,Colombia,15,0.662,12.688,2,0.64816,0.689,0.771,92,High
2014,Colombia,15,0.671,12.98,2,0.64972,0.689,0.791,91,High
1990,Poland,17,0.747,8.776,1,0.479782609,NA,0.884,57,Medium
1991,Poland,17,0.866,8.477,1,0.473461538,NA,0.872,60,Medium
1992,Poland,17,0.884,8.622,1,0.499296296,NA,0.876,65,Medium
1993,Poland,17,0.885,9.023,1,0.530535714,NA,0.902,65,Medium
1994,Poland,17,0.89,9.522,1,0.52825,NA,0.902,67,Medium
1995,Poland,17,0.889,10.217,1,0.526607143,NA,0.903,68,Medium
1996,Poland,17,0.882,10.837,1,0.523571429,NA,0.903,70,Medium
1997,Poland,17,0.871,11.513,1,0.5335,NA,0.903,71,High
1998,Poland,17,0.88,12.147,1,0.530103448,NA,0.903,74,High
1999,Poland,17,0.88,12.676,1,0.525133333,NA,0.902,78,High
2000,Poland,17,0.88,13.161,1,0.529366667,2.06,0.902,79,High
2001,Poland,17,0.881,13.507,1,0.531666667,2.06,0.918,81,High
2002,Poland,17,0.881,13.992,1,0.545966667,2.06,0.918,79,High
2003,Poland,17,0.881,14.379,1,0.550833333,2.06,0.918,79,High
2004,Poland,17,0.881,15.051,1,0.5523,2.06,0.918,83,High
2005,Poland,17,0.883,15.596,1,0.554366667,2.06,0.918,82,High
2006,Poland,17,0.874,16.498,1,0.556466667,2.06,0.92,82,High
2007,Poland,17,0.873,17.539,1,0.5545,2.06,0.92,83,High
2008,Poland,17,0.891,18.547,1,0.551666667,2.06,0.92,84,High
2009,Poland,17,0.891,19.271,1,0.556866667,2.06,0.92,84,High
2010,Poland,17,0.893,20.14,1,0.561766667,2.06,0.92,86,High
2011,Poland,17,0.894,20.963,1,0.5646,2.06,0.926,85,High
2012,Poland,17,0.89,21.412,1,0.5606,2.06,0.927,85,High
2013,Poland,17,0.888,21.906,1,0.5531,2.06,0.924,85,High
2014,Poland,17,0.88,22.658,1,0.5505,2.06,0.928,85,High
1990,Brazil,19,0.821,7.285,2,0.55928,NA,0.724,75,High
1991,Brazil,19,0.834,7.347,2,0.57996,NA,0.732,77,High
1992,Brazil,19,0.841,7.423,2,0.5848,NA,0.733,77,High
1993,Brazil,19,0.842,7.686,2,0.59928,NA,0.733,79,High
1994,Brazil,19,0.849,8.085,2,0.60964,NA,0.741,79,High
1995,Brazil,19,0.849,8.514,2,0.61876,NA,0.77,80,High
1996,Brazil,19,0.849,8.899,2,0.63376,NA,0.774,82,High
1997,Brazil,19,0.849,8.988,2,0.64032,NA,0.777,84,High
1998,Brazil,19,0.851,8.919,2,0.64624,NA,0.796,85,High
1999,Brazil,19,0.857,8.773,2,0.6428,NA,0.796,87,High
2000,Brazil,19,0.857,8.874,2,0.6508,1.661,0.791,88,High
2001,Brazil,19,0.857,8.822,2,0.66144,1.661,0.796,88,High
2002,Brazil,19,0.859,8.938,2,0.66508,1.661,0.816,87,High
2003,Brazil,19,0.857,9.051,2,0.66888,1.661,0.817,89,High
2004,Brazil,19,0.857,9.297,2,0.66472,1.661,0.817,90,High
2005,Brazil,19,0.876,9.577,2,0.66496,1.661,0.804,94,High
2006,Brazil,19,0.876,9.98,2,0.66556,1.661,0.811,93,High
2007,Brazil,19,0.87,10.469,2,0.66224,1.661,0.812,95,High
2008,Brazil,19,0.87,10.977,2,0.66204,1.661,0.812,96,High
2009,Brazil,19,0.87,11.328,2,0.66192,1.661,0.812,95,High
2010,Brazil,19,0.872,12.03,2,0.65984,1.661,0.819,95,High
2011,Brazil,19,0.876,12.518,2,0.65932,1.661,0.824,94,High
2012,Brazil,19,0.872,12.763,2,0.65672,1.475,0.826,94,High
2013,Brazil,19,0.877,12.86,2,0.64816,1.825,0.811,96,High
2014,Brazil,19,0.876,12.782,2,0.64972,1.825,0.815,94,High
1990,United States,20,0.866,40.912,5,0.860625,NA,0.842,84,High
1991,United States,20,0.866,40.38,5,0.862333333,NA,0.843,84,High
1992,United States,20,0.871,40.875,5,0.86475,NA,0.861,87,High
1993,United States,20,0.872,41.673,5,0.865791667,NA,0.871,87,High
1994,United States,20,0.872,42.456,5,0.86575,NA,0.874,89,High
1995,United States,20,0.872,43.24,5,0.865875,NA,0.874,92,High
1996,United States,20,0.872,44.086,5,0.867791667,NA,0.875,91,High
1997,United States,20,0.872,45.641,5,0.867791667,NA,0.875,93,High
1998,United States,20,0.872,47.015,5,0.867,NA,0.88,94,High
1999,United States,20,0.871,48.699,5,0.868458333,NA,0.884,92,High
2000,United States,20,0.868,49.628,5,0.870625,0.897,0.896,91,High
2001,United States,20,0.824,50.111,5,0.869125,0.897,0.895,92,High
2002,United States,20,0.827,50.526,5,0.86925,0.897,0.895,91,High
2003,United States,20,0.862,51.333,5,0.870166667,0.897,0.893,90,High
2004,United States,20,0.862,52.472,5,0.870291667,0.897,0.907,90,High
2005,United States,20,0.857,53.486,5,0.871958333,0.897,0.907,91,High
2006,United States,20,0.863,54.076,5,0.874458333,0.897,0.908,93,High
2007,United States,20,0.898,54.133,5,0.878416667,0.897,0.908,94,High
2008,United States,20,0.9,53.754,5,0.881166667,0.897,0.911,95,High
2009,United States,20,0.908,52.798,5,0.883125,0.897,0.917,96,High
2010,United States,20,0.905,52.919,5,0.884375,0.897,0.912,96,High
2011,United States,20,0.898,53.201,5,0.883666667,0.897,0.91,94,High
2012,United States,20,0.898,53.696,5,0.883958333,0.897,0.911,94,High
2013,United States,20,0.903,54.494,5,0.879083333,0.897,0.914,96,High
2014,United States,20,0.9,55.38,5,0.877583333,0.897,0.913,94,High
1990,Portugal,21,0.876,17.532,5,0.860625,NA,0.846,85,High
1991,Portugal,21,0.862,18.425,5,0.862333333,NA,0.851,84,High
1992,Portugal,21,0.862,18.918,5,0.86475,NA,0.855,87,High
1993,Portugal,21,0.862,19.052,5,0.865791667,NA,0.858,84,High
1994,Portugal,21,0.862,19.342,5,0.86575,NA,0.859,87,High
1995,Portugal,21,0.865,20.082,5,0.865875,NA,0.899,91,High
1996,Portugal,21,0.873,20.841,5,0.867791667,NA,0.901,91,High
1997,Portugal,21,0.873,21.676,5,0.867791667,NA,0.899,93,High
1998,Portugal,21,0.873,22.732,5,0.867,NA,0.902,97,High
1999,Portugal,21,0.873,23.475,5,0.868458333,NA,0.917,93,High
2000,Portugal,21,0.874,24.1,5,0.870625,2.374,0.917,92,High
2001,Portugal,21,0.877,24.541,5,0.869125,2.374,0.918,93,High
2002,Portugal,21,0.883,24.855,5,0.86925,2.374,0.918,94,High
2003,Portugal,21,0.883,24.821,5,0.870166667,2.374,0.918,95,High
2004,Portugal,21,0.883,25.028,5,0.870291667,2.374,0.918,96,High
2005,Portugal,21,0.893,25.386,5,0.871958333,2.374,0.919,97,High
2006,Portugal,21,0.896,25.762,5,0.874458333,2.374,0.919,97,High
2007,Portugal,21,0.896,26.147,5,0.878416667,2.374,0.929,98,High
2008,Portugal,21,0.895,26.33,5,0.881166667,2.374,0.926,98,High
2009,Portugal,21,0.896,26.104,5,0.883125,2.374,0.926,97,High
2010,Portugal,21,0.9,26.006,5,0.884375,2.374,0.926,99,High
2011,Portugal,21,0.892,25.722,5,0.883666667,2.374,0.925,99,High
2012,Portugal,21,0.896,25.211,5,0.883958333,2.374,0.937,98,High
2013,Portugal,21,0.89,25.151,5,0.879083333,2.374,0.917,99,High
2014,Portugal,21,0.89,25.472,5,0.877583333,2.374,0.919,97,High
1990,Bangladesh,24,0.31,1.341,6,0.321357143,NA,0.643,50,Low
1991,Bangladesh,24,0.492,1.371,6,0.325642857,NA,0.653,51,Medium
1992,Bangladesh,24,0.517,1.401,6,0.337857143,NA,0.653,50,Low
1993,Bangladesh,24,0.516,1.428,6,0.356714286,NA,0.653,51,Medium
1994,Bangladesh,24,0.516,1.462,6,0.360178571,NA,0.655,54,Medium
1995,Bangladesh,24,0.516,1.495,6,0.362964286,NA,0.655,56,Medium
1996,Bangladesh,24,0.507,1.53,6,0.362714286,NA,0.64,55,Medium
1997,Bangladesh,24,0.513,1.559,6,0.378107143,NA,0.64,60,Medium
1998,Bangladesh,24,0.513,1.575,6,0.385428571,NA,0.64,59,Medium
1999,Bangladesh,24,0.513,1.596,6,0.393392857,NA,0.64,60,Medium
2000,Bangladesh,24,0.513,1.632,6,0.38625,-0.815,0.648,60,Medium
2001,Bangladesh,24,0.505,1.677,6,0.382964286,-0.815,0.606,61,Medium
2002,Bangladesh,24,0.469,1.724,6,0.406392857,-0.815,0.588,61,Medium
2003,Bangladesh,24,0.477,1.775,6,0.417714286,-0.815,0.588,61,Medium
2004,Bangladesh,24,0.477,1.834,6,0.417178571,-0.815,0.588,63,Medium
2005,Bangladesh,24,0.477,1.919,6,0.419071429,-0.815,0.659,63,Medium
2006,Bangladesh,24,0.426,2.013,6,0.402428571,-0.909,0.578,63,Medium
2007,Bangladesh,24,0.205,2.143,6,0.388678571,-1.016,0.619,64,Medium
2008,Bangladesh,24,0.213,2.264,6,0.424071429,-1.016,0.613,64,Medium
2009,Bangladesh,24,0.42,2.393,6,0.445964286,-0.797,0.624,64,Medium
2010,Bangladesh,24,0.43,2.54,6,0.450071429,-2.014,0.718,66,Medium
2011,Bangladesh,24,0.42,2.714,6,0.456,-2.146,0.725,65,Medium
2012,Bangladesh,24,0.414,2.859,6,0.452357143,-2.146,0.715,67,Medium
2013,Bangladesh,24,0.377,2.998,6,0.439892857,-2.146,0.696,69,Medium
2014,Bangladesh,24,0.293,3.155,6,0.435928571,-2.479,0.707,69,Medium
1990,Bolivia,25,0.656,2.682,2,0.55928,NA,0.522,58,Medium
1991,Bolivia,25,0.696,2.78,2,0.57996,NA,0.522,58,Medium
1992,Bolivia,25,0.71,2.839,2,0.5848,NA,0.522,58,Medium
1993,Bolivia,25,0.72,2.904,2,0.59928,NA,0.545,61,Medium
1994,Bolivia,25,0.736,3.01,2,0.60964,NA,0.602,64,Medium
1995,Bolivia,25,0.746,3.135,2,0.61876,NA,0.617,66,Medium
1996,Bolivia,25,0.746,3.25,2,0.63376,NA,0.617,65,Medium
1997,Bolivia,25,0.746,3.326,2,0.64032,NA,0.621,68,Medium
1998,Bolivia,25,0.747,3.384,2,0.64624,NA,0.621,71,High
1999,Bolivia,25,0.751,3.383,2,0.6428,NA,0.622,71,High
2000,Bolivia,25,0.751,3.409,2,0.6508,1.681,0.654,72,High
2001,Bolivia,25,0.748,3.423,2,0.66144,1.681,0.652,74,High
2002,Bolivia,25,0.732,3.453,2,0.66508,1.681,0.687,72,High
2003,Bolivia,25,0.731,3.532,2,0.66888,1.681,0.687,73,High
2004,Bolivia,25,0.762,3.623,2,0.66472,1.681,0.687,77,High
2005,Bolivia,25,0.754,3.734,2,0.66496,1.929,0.678,77,High
2006,Bolivia,25,0.732,3.888,2,0.66556,1.629,0.702,75,High
2007,Bolivia,25,0.727,4.01,2,0.66224,1.629,0.702,76,High
2008,Bolivia,25,0.725,4.184,2,0.66204,1.629,0.697,77,High
2009,Bolivia,25,0.718,4.302,2,0.66192,1.629,0.725,79,High
2010,Bolivia,25,0.692,4.491,2,0.65984,1.629,0.739,78,High
2011,Bolivia,25,0.687,4.693,2,0.65932,1.629,0.734,77,High
2012,Bolivia,25,0.681,4.94,2,0.65672,1.629,0.731,78,High
2013,Bolivia,25,0.666,5.167,2,0.64816,1.629,0.729,78,High
2014,Bolivia,25,0.651,5.345,2,0.64972,0.921,0.757,76,High
1990,Haiti,26,0.198,1.809,2,0.55928,NA,0.306,51,Medium
1991,Haiti,26,0.33,1.791,2,0.57996,NA,0.362,53,Medium
1992,Haiti,26,0.191,1.7,2,0.5848,NA,0.31,54,Medium
1993,Haiti,26,0.222,1.585,2,0.59928,NA,0.31,55,Medium
1994,Haiti,26,0.227,1.483,2,0.60964,NA,0.354,56,Medium
1995,Haiti,26,0.35,1.543,2,0.61876,NA,0.417,57,Medium
1996,Haiti,26,0.423,1.599,2,0.63376,NA,0.417,58,Medium
1997,Haiti,26,0.435,1.631,2,0.64032,NA,0.417,58,Medium
1998,Haiti,26,0.437,1.65,2,0.64624,NA,0.417,59,Medium
1999,Haiti,26,0.437,1.678,2,0.6428,NA,0.419,59,Medium
2000,Haiti,26,0.434,1.697,2,0.6508,1.842,0.419,61,Medium
2001,Haiti,26,0.409,1.666,2,0.66144,1.842,0.42,61,Medium
2002,Haiti,26,0.407,1.645,2,0.66508,1.842,0.42,62,Medium
2003,Haiti,26,0.403,1.619,2,0.66888,1.842,0.421,63,Medium
2004,Haiti,26,0.246,1.58,2,0.66472,1.842,0.379,64,Medium
2005,Haiti,26,0.239,1.569,2,0.66496,1.842,0.382,64,Medium
2006,Haiti,26,0.367,1.578,2,0.66556,1.842,0.385,64,Medium
2007,Haiti,26,0.45,1.606,2,0.66224,1.842,0.431,65,Medium
2008,Haiti,26,0.45,1.608,2,0.66204,1.842,0.432,66,Medium
2009,Haiti,26,0.445,1.628,2,0.66192,1.842,0.432,66,Medium
2010,Haiti,26,0.441,1.599,2,0.65984,1.842,0.42,66,Medium
2011,Haiti,26,0.417,1.616,2,0.65932,1.842,0.419,65,Medium
2012,Haiti,26,0.429,1.626,2,0.65672,1.842,0.419,64,Medium
2013,Haiti,26,0.423,1.644,2,0.64816,1.842,0.412,62,Medium
2014,Haiti,26,0.423,1.672,2,0.64972,1.842,0.412,59,Medium
1990,Honduras,27,0.496,3.257,2,0.55928,NA,0.561,55,Medium
1991,Honduras,27,0.497,3.239,2,0.57996,NA,0.596,57,Medium
1992,Honduras,27,0.497,3.303,2,0.5848,NA,0.624,55,Medium
1993,Honduras,27,0.497,3.353,2,0.59928,NA,0.602,56,Medium
1994,Honduras,27,0.536,3.349,2,0.60964,NA,0.604,62,Medium
1995,Honduras,27,0.548,3.394,2,0.61876,NA,0.649,64,Medium
1996,Honduras,27,0.555,3.406,2,0.63376,NA,0.648,63,Medium
1997,Honduras,27,0.554,3.426,2,0.64032,NA,0.661,61,Medium
1998,Honduras,27,0.552,3.436,2,0.64624,NA,0.661,61,Medium
1999,Honduras,27,0.554,3.378,2,0.6428,NA,0.661,62,Medium
2000,Honduras,27,0.554,3.433,2,0.6508,1.674,0.654,64,Medium
2001,Honduras,27,0.554,3.46,2,0.66144,1.674,0.638,65,Medium
2002,Honduras,27,0.558,3.521,2,0.66508,1.674,0.638,65,Medium
2003,Honduras,27,0.569,3.588,2,0.66888,1.674,0.638,67,Medium
2004,Honduras,27,0.569,3.687,2,0.66472,1.674,0.638,70,Medium
2005,Honduras,27,0.564,3.826,2,0.66496,1.674,0.724,70,Medium
2006,Honduras,27,0.521,3.94,2,0.66556,1.674,0.732,69,Medium
2007,Honduras,27,0.523,4.056,2,0.66224,1.674,0.732,70,Medium
2008,Honduras,27,0.519,4.089,2,0.66204,1.674,0.727,71,High
2009,Honduras,27,0.45,4.051,2,0.66192,1.674,0.666,71,High
2010,Honduras,27,0.411,4.096,2,0.65984,1.674,0.691,70,Medium
2011,Honduras,27,0.421,4.155,2,0.65932,1.674,0.701,71,High
2012,Honduras,27,0.419,4.231,2,0.65672,1.674,0.711,71,High
2013,Honduras,27,0.421,4.288,2,0.64816,1.419,0.728,71,High
2014,Honduras,27,0.447,4.389,2,0.64972,1.419,0.728,69,Medium
1990,Pakistan,29,0.375,2.743,6,0.321357143,NA,0.399,62,Medium
1991,Pakistan,29,0.367,2.787,6,0.325642857,NA,0.399,62,Medium
1992,Pakistan,29,0.367,2.861,6,0.337857143,NA,0.399,66,Medium
1993,Pakistan,29,0.369,2.883,6,0.356714286,NA,0.405,66,Medium
1994,Pakistan,29,0.373,2.92,6,0.360178571,NA,0.405,66,Medium
1995,Pakistan,29,0.373,2.994,6,0.362964286,NA,0.405,67,Medium
1996,Pakistan,29,0.373,3.03,6,0.362714286,NA,0.405,67,Medium
1997,Pakistan,29,0.387,2.996,6,0.378107143,NA,0.416,69,Medium
1998,Pakistan,29,0.39,3.015,6,0.385428571,NA,0.431,71,High
1999,Pakistan,29,0.333,3.049,6,0.393392857,NA,0.412,70,Medium
2000,Pakistan,29,0.204,3.061,6,0.38625,0.983,0.42,70,Medium
2001,Pakistan,29,0.203,3.068,6,0.382964286,0.983,0.42,71,High
2002,Pakistan,29,0.237,3.118,6,0.406392857,0.983,0.467,70,Medium
2003,Pakistan,29,0.353,3.204,6,0.417714286,0.983,0.576,70,Medium
2004,Pakistan,29,0.353,3.344,6,0.417178571,0.983,0.599,71,High
2005,Pakistan,29,0.356,3.499,6,0.419071429,0.983,0.599,71,High
2006,Pakistan,29,0.353,3.659,6,0.402428571,0.618,0.6,73,High
2007,Pakistan,29,0.347,3.756,6,0.388678571,0.618,0.606,72,High
2008,Pakistan,29,0.406,3.788,6,0.424071429,0.407,0.597,74,High
2009,Pakistan,29,0.44,3.849,6,0.445964286,0.407,0.622,73,High
2010,Pakistan,29,0.465,3.913,6,0.450071429,-0.027,0.625,74,High
2011,Pakistan,29,0.462,3.963,6,0.456,-0.027,0.622,72,High
2012,Pakistan,29,0.46,4.026,6,0.452357143,-0.423,0.648,72,High
2013,Pakistan,29,0.466,4.107,6,0.439892857,-0.271,0.623,75,High
2014,Pakistan,29,0.46,4.215,6,0.435928571,-0.271,0.617,75,High
1990,Senegal,31,0.522,2.283,4,0.229020408,NA,0.744,73,High
1991,Senegal,31,0.534,2.253,4,0.26592,NA,0.744,75,High
1992,Senegal,31,0.538,2.225,4,0.30298,NA,0.744,78,High
1993,Senegal,31,0.617,2.171,4,0.33768,NA,0.741,80,High
1994,Senegal,31,0.634,2.149,4,0.34814,NA,0.741,85,High
1995,Senegal,31,0.641,2.156,4,0.3631,NA,0.741,83,High
1996,Senegal,31,0.646,2.176,4,0.36504,NA,0.746,83,High
1997,Senegal,31,0.646,2.191,4,0.36898,NA,0.746,84,High
1998,Senegal,31,0.646,2.247,4,0.37242,NA,0.748,83,High
1999,Senegal,31,0.646,2.307,4,0.36896,NA,0.748,84,High
2000,Senegal,31,0.678,2.325,4,0.37548,1.143,0.735,84,High
2001,Senegal,31,0.608,2.353,4,0.3784,1.143,0.727,80,High
2002,Senegal,31,0.694,2.345,4,0.38958,1.143,0.786,84,High
2003,Senegal,31,0.694,2.393,4,0.401,1.143,0.783,82,High
2004,Senegal,31,0.694,2.43,4,0.40568,1.143,0.783,83,High
2005,Senegal,31,0.694,2.473,4,0.41424,1.143,0.788,81,High
2006,Senegal,31,0.694,2.484,4,0.4292,1.143,0.793,80,High
2007,Senegal,31,0.688,2.533,4,0.43482,1.143,0.8,80,High
2008,Senegal,31,0.687,2.544,4,0.4316,1.143,0.8,81,High
2009,Senegal,31,0.686,2.566,4,0.42536,1.143,0.8,82,High
2010,Senegal,31,0.689,2.585,4,0.42482,1.143,0.801,81,High
2011,Senegal,31,0.689,2.576,4,0.430411765,1.143,0.801,79,High
2012,Senegal,31,0.69,2.592,4,0.425352941,1.143,0.822,78,High
2013,Senegal,31,0.714,2.621,4,0.425372549,1.143,0.832,79,High
2014,Senegal,31,0.713,2.686,4,0.43772549,1.143,0.832,76,High
1990,Sudan,33,0.086,1.791,4,0.229020408,NA,0.186,64,Medium
1991,Sudan,33,0.086,1.8,4,0.26592,NA,0.186,64,Medium
1992,Sudan,33,0.087,1.82,4,0.30298,NA,0.187,63,Medium
1993,Sudan,33,0.087,1.811,4,0.33768,NA,0.232,64,Medium
1994,Sudan,33,0.088,1.811,4,0.34814,NA,0.232,68,Medium
1995,Sudan,33,0.088,1.844,4,0.3631,NA,0.232,68,Medium
1996,Sudan,33,0.098,1.9,4,0.36504,NA,0.215,68,Medium
1997,Sudan,33,0.1,1.995,4,0.36898,NA,0.215,69,Medium
1998,Sudan,33,0.152,2.076,4,0.37242,NA,0.215,69,Medium
1999,Sudan,33,0.151,2.143,4,0.36896,NA,0.186,69,Medium
2000,Sudan,33,0.132,2.188,4,0.37548,-1.53,0.178,71,High
2001,Sudan,33,0.178,2.259,4,0.3784,-1.53,0.247,69,Medium
2002,Sudan,33,0.177,2.352,4,0.38958,-1.53,0.247,73,High
2003,Sudan,33,0.176,2.44,4,0.401,-1.53,0.247,71,High
2004,Sudan,33,0.185,2.534,4,0.40568,-1.53,0.256,71,High
2005,Sudan,33,0.216,2.745,4,0.41424,-1.53,0.304,71,High
2006,Sudan,33,0.218,2.998,4,0.4292,-1.53,0.326,70,Medium
2007,Sudan,33,0.217,3.2,4,0.43482,-1.53,0.323,70,Medium
2008,Sudan,33,0.218,3.325,4,0.4316,-1.53,0.322,73,High
2009,Sudan,33,0.219,3.488,4,0.42536,-1.53,0.332,75,High
2010,Sudan,33,0.238,3.678,4,0.42482,-1.53,0.371,75,High
2011,Sudan,33,0.235,3.808,4,0.430411765,-1.53,0.375,74,High
2012,Sudan,33,0.231,3.781,4,0.425352941,-1.53,0.377,74,High
2013,Sudan,33,0.233,3.776,4,0.425372549,-1.53,0.385,77,High
2014,Sudan,33,0.232,4.01,4,0.43772549,-1.53,0.38,73,High
1990,Vietnam,34,0.154,1.47,6,0.321357143,NA,0.579,29,Low
1991,Vietnam,34,0.155,1.545,6,0.325642857,NA,0.599,29,Low
1992,Vietnam,34,0.154,1.626,6,0.337857143,NA,0.604,32,Low
1993,Vietnam,34,0.152,1.728,6,0.356714286,NA,0.617,34,Low
1994,Vietnam,34,0.152,1.831,6,0.360178571,NA,0.629,36,Low
1995,Vietnam,34,0.152,1.966,6,0.362964286,NA,0.629,38,Low
1996,Vietnam,34,0.155,2.101,6,0.362714286,NA,0.621,38,Low
1997,Vietnam,34,0.155,2.242,6,0.378107143,NA,0.638,37,Low
1998,Vietnam,34,0.156,2.351,6,0.385428571,NA,0.648,41,Low
1999,Vietnam,34,0.156,2.431,6,0.393392857,NA,0.658,41,Low
2000,Vietnam,34,0.153,2.55,6,0.38625,-1.443,0.687,41,Low
2001,Vietnam,34,0.153,2.687,6,0.382964286,-1.443,0.69,43,Low
2002,Vietnam,34,0.15,2.834,6,0.406392857,-1.443,0.692,42,Low
2003,Vietnam,34,0.148,3.002,6,0.417714286,-1.443,0.692,46,Low
2004,Vietnam,34,0.149,3.188,6,0.417178571,-1.443,0.69,52,Medium
2005,Vietnam,34,0.149,3.389,6,0.419071429,-1.443,0.712,52,Medium
2006,Vietnam,34,0.149,3.603,6,0.402428571,-1.443,0.72,54,Medium
2007,Vietnam,34,0.15,3.811,6,0.388678571,-1.443,0.726,57,Medium
2008,Vietnam,34,0.15,4.021,6,0.424071429,-1.443,0.726,58,Medium
2009,Vietnam,34,0.149,4.197,6,0.445964286,-1.443,0.726,60,Medium
2010,Vietnam,34,0.149,4.445,6,0.450071429,-1.443,0.739,61,Medium
2011,Vietnam,34,0.15,4.691,6,0.456,-1.443,0.736,61,Medium
2012,Vietnam,34,0.149,4.911,6,0.452357143,-1.443,0.741,63,Medium
2013,Vietnam,34,0.149,5.138,6,0.439892857,-1.443,0.732,64,Medium
2014,Vietnam,34,0.149,5.414,6,0.435928571,-1.443,0.731,63,Medium
1990,Afghanistan,36,0.093,1.461,6,0.321357143,NA,0.168,29,Low
1991,Afghanistan,36,0.094,1.316,6,0.325642857,NA,0.171,30,Low
1992,Afghanistan,36,0.094,1.16,6,0.337857143,NA,0.126,31,Low
1993,Afghanistan,36,0.092,0.973,6,0.356714286,NA,0.093,32,Low
1994,Afghanistan,36,0.092,0.85,6,0.360178571,NA,0.097,33,Low
1995,Afghanistan,36,0.092,0.847,6,0.362964286,NA,0.089,33,Low
1996,Afghanistan,36,0.074,0.818,6,0.362714286,NA,0.041,33,Low
1997,Afghanistan,36,0.072,0.781,6,0.378107143,NA,0.042,33,Low
1998,Afghanistan,36,0.072,0.752,6,0.385428571,NA,0.042,33,Low
1999,Afghanistan,36,0.072,0.727,6,0.393392857,NA,0.042,33,Low
2000,Afghanistan,36,0.072,0.726,6,0.38625,-0.74,0.042,33,Low
2001,Afghanistan,36,0.082,0.765,6,0.382964286,-0.74,0.058,33,Low
2002,Afghanistan,36,0.223,0.893,6,0.406392857,-0.74,0.28,33,Low
2003,Afghanistan,36,0.23,0.965,6,0.417714286,-0.753,0.293,34,Low
2004,Afghanistan,36,0.24,1.005,6,0.417178571,-0.753,0.293,34,Low
2005,Afghanistan,36,0.335,1.061,6,0.419071429,-0.753,0.314,38,Low
2006,Afghanistan,36,0.397,1.129,6,0.402428571,-0.753,0.464,39,Low
2007,Afghanistan,36,0.397,1.23,6,0.388678571,-0.753,0.463,40,Low
2008,Afghanistan,36,0.403,1.304,6,0.424071429,-0.753,0.464,40,Low
2009,Afghanistan,36,0.392,1.444,6,0.445964286,-0.753,0.465,40,Low
2010,Afghanistan,36,0.374,1.545,6,0.450071429,-0.753,0.478,41,Low
2011,Afghanistan,36,0.378,1.628,6,0.456,-0.753,0.478,41,Low
2012,Afghanistan,36,0.381,1.712,6,0.452357143,-0.753,0.478,41,Low
2013,Afghanistan,36,0.378,1.772,6,0.439892857,-0.753,0.477,42,Low
2014,Afghanistan,36,0.377,1.779,6,0.435928571,-0.753,0.483,41,Low
1990,Argentina,37,0.828,8.813,2,0.55928,NA,0.724,74,High
1991,Argentina,37,0.831,9.55,2,0.57996,NA,0.771,76,High
1992,Argentina,37,0.836,10.449,2,0.5848,NA,0.77,76,High
1993,Argentina,37,0.835,11.285,2,0.59928,NA,0.81,75,High
1994,Argentina,37,0.839,11.929,2,0.60964,NA,0.809,79,High
1995,Argentina,37,0.835,12.278,2,0.61876,NA,0.833,80,High
1996,Argentina,37,0.829,13.033,2,0.63376,NA,0.833,80,High
1997,Argentina,37,0.829,13.62,2,0.64032,NA,0.845,79,High
1998,Argentina,37,0.833,13.767,2,0.64624,NA,0.845,81,High
1999,Argentina,37,0.832,13.349,2,0.6428,NA,0.842,82,High
2000,Argentina,37,0.84,12.961,2,0.6508,1.905,0.847,84,High
2001,Argentina,37,0.84,12.246,2,0.66144,1.905,0.852,85,High
2002,Argentina,37,0.832,11.53,2,0.66508,1.905,0.837,85,High
2003,Argentina,37,0.813,11.815,2,0.66888,1.905,0.837,85,High
2004,Argentina,37,0.808,12.575,2,0.66472,1.905,0.845,85,High
2005,Argentina,37,0.806,13.433,2,0.66496,1.905,0.845,87,High
2006,Argentina,37,0.796,14.341,2,0.66556,1.905,0.844,84,High
2007,Argentina,37,0.795,15.322,2,0.66224,1.905,0.844,86,High
2008,Argentina,37,0.79,15.868,2,0.66204,1.905,0.847,87,High
2009,Argentina,37,0.777,15.705,2,0.66192,1.905,0.846,89,High
2010,Argentina,37,0.776,16.536,2,0.65984,1.905,0.844,89,High
2011,Argentina,37,0.778,17.253,2,0.65932,1.905,0.844,87,High
2012,Argentina,37,0.78,17.373,2,0.65672,1.905,0.845,87,High
2013,Argentina,37,0.788,17.406,2,0.64816,1.905,0.841,90,High
2014,Argentina,37,0.792,17.178,2,0.64972,1.905,0.837,89,High
1990,Ethiopia,38,0.15,0.771,4,0.229020408,NA,0.188,41,Low
1991,Ethiopia,38,0.202,0.713,4,0.26592,NA,0.354,41,Low
1992,Ethiopia,38,0.231,0.653,4,0.30298,NA,0.463,41,Low
1993,Ethiopia,38,0.231,0.656,4,0.33768,NA,0.465,42,Low
1994,Ethiopia,38,0.194,0.656,4,0.34814,NA,0.464,46,Low
1995,Ethiopia,38,0.221,0.673,4,0.3631,NA,0.464,45,Low
1996,Ethiopia,38,0.241,0.695,4,0.36504,NA,0.477,45,Low
1997,Ethiopia,38,0.241,0.708,4,0.36898,NA,0.477,46,Low
1998,Ethiopia,38,0.241,0.686,4,0.37242,NA,0.477,47,Low
1999,Ethiopia,38,0.241,0.681,4,0.36896,NA,0.477,47,Low
2000,Ethiopia,38,0.241,0.684,4,0.37548,-1.081,0.514,48,Low
2001,Ethiopia,38,0.239,0.699,4,0.3784,-1.081,0.514,47,Low
2002,Ethiopia,38,0.242,0.69,4,0.38958,-1.081,0.514,51,Medium
2003,Ethiopia,38,0.242,0.688,4,0.401,-1.081,0.514,50,Low
2004,Ethiopia,38,0.24,0.732,4,0.40568,-1.081,0.514,52,Medium
2005,Ethiopia,38,0.255,0.792,4,0.41424,-1.081,0.584,52,Medium
2006,Ethiopia,38,0.237,0.841,4,0.4292,-1.081,0.591,52,Medium
2007,Ethiopia,38,0.241,0.915,4,0.43482,-1.191,0.59,52,Medium
2008,Ethiopia,38,0.241,0.98,4,0.4316,-1.191,0.592,53,Medium
2009,Ethiopia,38,0.24,1.041,4,0.42536,-1.191,0.601,52,Medium
2010,Ethiopia,38,0.227,1.127,4,0.42482,-1.491,0.618,52,Medium
2011,Ethiopia,38,0.222,1.219,4,0.430411765,-1.491,0.632,52,Medium
2012,Ethiopia,38,0.225,1.311,4,0.425352941,-1.491,0.634,51,Medium
2013,Ethiopia,38,0.224,1.406,4,0.425372549,-1.491,0.663,52,Medium
2014,Ethiopia,38,0.227,1.513,4,0.43772549,-1.608,0.66,50,Low
1990,India,39,0.698,1.795,6,0.321357143,NA,0.548,81,High
1991,India,39,0.717,1.835,6,0.325642857,NA,0.578,81,High
1992,India,39,0.73,1.891,6,0.337857143,NA,0.589,80,High
1993,India,39,0.73,1.963,6,0.356714286,NA,0.589,80,High
1994,India,39,0.735,2.04,6,0.360178571,NA,0.64,79,High
1995,India,39,0.735,2.141,6,0.362964286,NA,0.645,78,High
1996,India,39,0.744,2.248,6,0.362714286,NA,0.656,79,High
1997,India,39,0.749,2.333,6,0.378107143,NA,0.656,83,High
1998,India,39,0.749,2.438,6,0.385428571,NA,0.66,85,High
1999,India,39,0.743,2.544,6,0.393392857,NA,0.661,84,High
2000,India,39,0.733,2.626,6,0.38625,0.848,0.686,83,High
2001,India,39,0.733,2.725,6,0.382964286,0.848,0.685,85,High
2002,India,39,0.737,2.821,6,0.406392857,0.848,0.685,84,High
2003,India,39,0.737,2.977,6,0.417714286,0.788,0.685,86,High
2004,India,39,0.731,3.155,6,0.417178571,0.788,0.684,86,High
2005,India,39,0.719,3.372,6,0.419071429,0.788,0.684,86,High
2006,India,39,0.722,3.61,6,0.402428571,0.788,0.675,88,High
2007,India,39,0.722,3.834,6,0.388678571,0.709,0.679,88,High
2008,India,39,0.722,4.014,6,0.424071429,0.709,0.675,92,High
2009,India,39,0.698,4.24,6,0.445964286,0.709,0.682,91,High
2010,India,39,0.688,4.542,6,0.450071429,0.215,0.676,92,High
2011,India,39,0.688,4.773,6,0.456,0.215,0.676,92,High
2012,India,39,0.674,5.009,6,0.452357143,0.215,0.676,92,High
2013,India,39,0.663,5.217,6,0.439892857,0.198,0.665,94,High
2014,India,39,0.624,5.517,6,0.435928571,-0.388,0.659,92,High
1990,Kenya,40,0.19,2.282,4,0.229020408,NA,0.411,52,Medium
1991,Kenya,40,0.205,2.263,4,0.26592,NA,0.411,52,Medium
1992,Kenya,40,0.29,2.213,4,0.30298,NA,0.521,51,Medium
1993,Kenya,40,0.331,2.2,4,0.33768,NA,0.528,55,Medium
1994,Kenya,40,0.332,2.238,4,0.34814,NA,0.53,60,Medium
1995,Kenya,40,0.336,2.227,4,0.3631,NA,0.549,61,Medium
1996,Kenya,40,0.336,2.246,4,0.36504,NA,0.55,61,Medium
1997,Kenya,40,0.336,2.214,4,0.36898,NA,0.551,66,Medium
1998,Kenya,40,0.36,2.2,4,0.37242,NA,0.56,68,Medium
1999,Kenya,40,0.36,2.185,4,0.36896,NA,0.554,69,Medium
2000,Kenya,40,0.377,2.153,4,0.37548,1.225,0.564,70,Medium
2001,Kenya,40,0.376,2.139,4,0.3784,1.225,0.571,69,Medium
2002,Kenya,40,0.411,2.119,4,0.38958,1.225,0.603,73,High
2003,Kenya,40,0.494,2.11,4,0.401,1.225,0.608,70,Medium
2004,Kenya,40,0.494,2.121,4,0.40568,1.225,0.612,72,High
2005,Kenya,40,0.494,2.177,4,0.41424,0.943,0.608,73,High
2006,Kenya,40,0.492,2.253,4,0.4292,0.943,0.608,73,High
2007,Kenya,40,0.491,2.314,4,0.43482,0.576,0.621,73,High
2008,Kenya,40,0.395,2.324,4,0.4316,0.576,0.619,75,High
2009,Kenya,40,0.395,2.375,4,0.42536,0.787,0.621,76,High
2010,Kenya,40,0.407,2.472,4,0.42482,0.787,0.679,77,High
2011,Kenya,40,0.409,2.561,4,0.430411765,0.787,0.677,76,High
2012,Kenya,40,0.411,2.642,4,0.425352941,0.787,0.677,77,High
2013,Kenya,40,0.495,2.728,4,0.425372549,0.787,0.721,81,High
2014,Kenya,40,0.513,2.83,4,0.43772549,0.787,0.727,78,High
2008,Kosovo,43,0.5,5.458,1,0.551666667,0.818,NA,0,Low
2009,Kosovo,43,0.501,5.672,1,0.556866667,0.818,NA,4,Low
2010,Kosovo,43,0.505,5.887,1,0.561766667,0.818,NA,4,Low
2011,Kosovo,43,0.475,6.083,1,0.5646,0.818,NA,4,Low
2012,Kosovo,43,0.476,6.232,1,0.5606,0.818,NA,5,Low
2013,Kosovo,43,0.489,6.392,1,0.5531,0.818,0.703,5,Low
2014,Kosovo,43,0.55,6.556,1,0.5505,0.818,0.698,6,Low
1990,Lebanon,44,0.346,4.78,3,0.182714286,NA,0.474,54,Medium
1991,Lebanon,44,0.339,5.763,3,0.1921,NA,0.479,54,Medium
1992,Lebanon,44,0.339,6.164,3,0.1906,NA,0.487,54,Medium
1993,Lebanon,44,0.319,6.503,3,0.1949,NA,0.487,55,Medium
1994,Lebanon,44,0.314,6.843,3,0.20005,NA,0.487,57,Medium
1995,Lebanon,44,0.314,7.136,3,0.20005,NA,0.487,57,Medium
1996,Lebanon,44,0.316,7.454,3,0.2232,NA,0.487,57,Medium
1997,Lebanon,44,0.318,7.585,3,0.22805,NA,0.487,55,Medium
1998,Lebanon,44,0.318,7.844,3,0.2291,NA,0.487,56,Medium
1999,Lebanon,44,0.318,7.979,3,0.2315,NA,0.488,57,Medium
2000,Lebanon,44,0.331,8.08,3,0.23545,-0.696,0.492,58,Medium
2001,Lebanon,44,0.364,8.315,3,0.2408,-0.696,0.492,58,Medium
2002,Lebanon,44,0.36,8.541,3,0.2485,-0.696,0.492,57,Medium
2003,Lebanon,44,0.36,8.834,3,0.2582,-0.696,0.492,57,Medium
2004,Lebanon,44,0.367,9.243,3,0.26205,-0.696,0.492,58,Medium
2005,Lebanon,44,0.403,9.536,3,0.2681,-0.696,0.507,58,Medium
2006,Lebanon,44,0.447,9.732,3,0.27665,-0.696,0.514,58,Medium
2007,Lebanon,44,0.447,10.359,3,0.26347619,-0.696,0.517,58,Medium
2008,Lebanon,44,0.451,11.145,3,0.255904762,-0.765,0.519,60,Medium
2009,Lebanon,44,0.468,12.023,3,0.255666667,-0.765,0.511,60,Medium
2010,Lebanon,44,0.48,12.491,3,0.254619048,-0.765,0.511,61,Medium
2011,Lebanon,44,0.485,12.324,3,0.266190476,-0.627,0.511,60,Medium
2012,Lebanon,44,0.485,12.087,3,0.301238095,-0.627,0.515,60,Medium
2013,Lebanon,44,0.495,11.74,3,0.302190476,-0.627,0.562,60,Medium
2014,Lebanon,44,0.495,11.306,3,0.282619048,-0.681,0.556,57,Medium
1990,Nigeria,45,0.207,1.878,4,0.229020408,NA,0.558,75,High
1991,Nigeria,45,0.208,1.835,4,0.26592,NA,0.564,74,High
1992,Nigeria,45,0.229,1.798,4,0.30298,NA,0.564,73,High
1993,Nigeria,45,0.238,1.698,4,0.33768,NA,0.564,76,High
1994,Nigeria,45,0.199,1.602,4,0.34814,NA,0.564,78,High
1995,Nigeria,45,0.195,1.557,4,0.3631,NA,0.595,80,High
1996,Nigeria,45,0.195,1.551,4,0.36504,NA,0.595,77,High
1997,Nigeria,45,0.204,1.566,4,0.36898,NA,0.595,80,High
1998,Nigeria,45,0.225,1.582,4,0.37242,NA,0.598,80,High
1999,Nigeria,45,0.384,1.631,4,0.36896,NA,0.679,80,High
2000,Nigeria,45,0.481,1.753,4,0.37548,1.364,0.701,78,High
2001,Nigeria,45,0.481,1.906,4,0.3784,1.364,0.701,76,High
2002,Nigeria,45,0.481,2.147,4,0.38958,1.364,0.701,82,High
2003,Nigeria,45,0.437,2.404,4,0.401,1.364,0.722,79,High
2004,Nigeria,45,0.421,2.685,4,0.40568,1.364,0.722,83,High
2005,Nigeria,45,0.421,3.024,4,0.41424,1.364,0.722,81,High
2006,Nigeria,45,0.423,3.25,4,0.4292,1.364,0.718,82,High
2007,Nigeria,45,0.415,3.446,4,0.43482,1.364,0.726,82,High
2008,Nigeria,45,0.416,3.605,4,0.4316,1.364,0.727,83,High
2009,Nigeria,45,0.416,3.817,4,0.42536,1.364,0.723,81,High
2010,Nigeria,45,0.431,4.045,4,0.42482,1.553,0.732,81,High
2011,Nigeria,45,0.494,4.183,4,0.430411765,1.553,0.711,77,High
2012,Nigeria,45,0.514,4.27,4,0.425352941,1.553,0.711,78,High
2013,Nigeria,45,0.532,4.405,4,0.425372549,1.553,0.715,82,High
2014,Nigeria,45,0.539,4.5,4,0.43772549,1.553,0.734,79,High
1990,Philippines,46,0.578,3.6,6,0.321357143,NA,0.809,57,Medium
1991,Philippines,46,0.578,3.595,6,0.325642857,NA,0.809,57,Medium
1992,Philippines,46,0.562,3.611,6,0.337857143,NA,0.817,58,Medium
1993,Philippines,46,0.548,3.66,6,0.356714286,NA,0.817,60,Medium
1994,Philippines,46,0.548,3.771,6,0.360178571,NA,0.817,61,Medium
1995,Philippines,46,0.56,3.92,6,0.362964286,NA,0.811,62,Medium
1996,Philippines,46,0.566,4.058,6,0.362714286,NA,0.811,60,Medium
1997,Philippines,46,0.566,4.071,6,0.378107143,NA,0.811,61,Medium
1998,Philippines,46,0.588,4.025,6,0.385428571,NA,0.822,64,Medium
1999,Philippines,46,0.584,4.006,6,0.393392857,NA,0.819,64,Medium
2000,Philippines,46,0.591,4.047,6,0.38625,0.809,0.809,65,Medium
2001,Philippines,46,0.552,4.057,6,0.382964286,0.809,0.825,66,Medium
2002,Philippines,46,0.541,4.086,6,0.406392857,0.809,0.825,68,Medium
2003,Philippines,46,0.539,4.173,6,0.417714286,0.809,0.825,68,Medium
2004,Philippines,46,0.497,4.28,6,0.417178571,0.809,0.824,69,Medium
2005,Philippines,46,0.476,4.392,6,0.419071429,0.809,0.824,70,Medium
2006,Philippines,46,0.475,4.543,6,0.402428571,0.809,0.823,70,Medium
2007,Philippines,46,0.473,4.722,6,0.388678571,0.809,0.833,70,Medium
2008,Philippines,46,0.472,4.872,6,0.424071429,0.809,0.833,70,Medium
2009,Philippines,46,0.473,4.99,6,0.445964286,0.809,0.834,71,High
2010,Philippines,46,0.531,5.197,6,0.450071429,0.809,0.848,74,High
2011,Philippines,46,0.558,5.397,6,0.456,0.809,0.85,74,High
2012,Philippines,46,0.558,5.644,6,0.452357143,0.809,0.85,74,High
2013,Philippines,46,0.554,5.884,6,0.439892857,0.809,0.834,75,High
2014,Philippines,46,0.552,6.195,6,0.435928571,0.809,0.833,75,High
1990,Tanzania,47,0.296,1.189,4,0.229020408,NA,0.683,50,Low
1991,Tanzania,47,0.304,1.182,4,0.26592,NA,0.714,50,Low
1992,Tanzania,47,0.409,1.148,4,0.30298,NA,0.722,51,Medium
1993,Tanzania,47,0.418,1.116,4,0.33768,NA,0.725,53,Medium
1994,Tanzania,47,0.43,1.1,4,0.34814,NA,0.725,57,Medium
1995,Tanzania,47,0.489,1.106,4,0.3631,NA,0.756,58,Medium
1996,Tanzania,47,0.502,1.136,4,0.36504,NA,0.771,59,Medium
1997,Tanzania,47,0.502,1.17,4,0.36898,NA,0.771,65,Medium
1998,Tanzania,47,0.502,1.204,4,0.37242,NA,0.771,66,Medium
1999,Tanzania,47,0.502,1.241,4,0.36896,NA,0.771,66,Medium
2000,Tanzania,47,0.49,1.274,4,0.37548,0.314,0.781,66,Medium
2001,Tanzania,47,0.453,1.329,4,0.3784,0.314,0.787,62,Medium
2002,Tanzania,47,0.453,1.39,4,0.38958,0.314,0.792,66,Medium
2003,Tanzania,47,0.453,1.443,4,0.401,0.314,0.792,64,Medium
2004,Tanzania,47,0.453,1.511,4,0.40568,0.314,0.792,67,Medium
2005,Tanzania,47,0.434,1.578,4,0.41424,0.314,0.804,66,Medium
2006,Tanzania,47,0.475,1.651,4,0.4292,0.314,0.811,66,Medium
2007,Tanzania,47,0.477,1.725,4,0.43482,0.314,0.811,66,Medium
2008,Tanzania,47,0.478,1.803,4,0.4316,0.314,0.811,68,Medium
2009,Tanzania,47,0.478,1.871,4,0.42536,0.314,0.811,68,Medium
2010,Tanzania,47,0.476,1.957,4,0.42482,0.314,0.813,69,Medium
2011,Tanzania,47,0.491,2.046,4,0.430411765,0.314,0.813,67,Medium
2012,Tanzania,47,0.491,2.079,4,0.425352941,0.314,0.813,67,Medium
2013,Tanzania,47,0.483,2.139,4,0.425372549,0.314,0.804,69,Medium
2014,Tanzania,47,0.48,2.207,4,0.43772549,0.314,0.808,67,Medium
1990,Taiwan,48,0.269,19.642,6,0.321357143,NA,0.743,7,Low
1991,Taiwan,48,0.27,20.923,6,0.325642857,NA,0.745,8,Low
1992,Taiwan,48,0.299,22.38,6,0.337857143,NA,0.733,7,Low
1993,Taiwan,48,0.324,23.739,6,0.356714286,NA,0.74,7,Low
1994,Taiwan,48,0.324,25.126,6,0.360178571,NA,0.739,7,Low
1995,Taiwan,48,0.326,26.367,6,0.362964286,NA,0.739,7,Low
1996,Taiwan,48,0.347,27.774,6,0.362714286,NA,0.74,7,Low
1997,Taiwan,48,0.654,29.13,6,0.378107143,NA,0.756,7,Low
1998,Taiwan,48,0.67,30.408,6,0.385428571,NA,0.756,7,Low
1999,Taiwan,48,0.666,31.912,6,0.393392857,NA,0.782,7,Low
2000,Taiwan,48,0.778,32.866,6,0.38625,0.838,0.834,7,Low
2001,Taiwan,48,0.784,33.361,6,0.382964286,0.838,0.836,7,Low
2002,Taiwan,48,0.797,34.438,6,0.406392857,0.838,0.868,8,Low
2003,Taiwan,48,0.792,35.368,6,0.417714286,0.838,0.867,8,Low
2004,Taiwan,48,0.78,36.679,6,0.417178571,0.838,0.866,9,Low
2005,Taiwan,48,0.775,38.142,6,0.419071429,0.838,0.862,9,Low
2006,Taiwan,48,0.779,39.156,6,0.402428571,0.838,0.862,9,Low
2007,Taiwan,48,0.779,39.986,6,0.388678571,0.838,0.863,9,Low
2008,Taiwan,48,0.802,40.231,6,0.424071429,0.838,0.876,9,Low
2009,Taiwan,48,0.8,40.558,6,0.445964286,0.838,0.873,8,Low
2010,Taiwan,48,0.803,41.984,6,0.450071429,0.838,0.877,8,Low
2011,Taiwan,48,0.803,43.279,6,0.456,0.838,0.878,8,Low
2012,Taiwan,48,0.811,44.013,6,0.452357143,0.838,0.88,8,Low
2013,Taiwan,48,0.801,44.994,6,0.439892857,0.838,0.898,8,Low
2014,Taiwan,48,0.809,46.311,6,0.435928571,0.838,0.898,8,Low
1990,Thailand,49,0.392,6.332,6,0.321357143,NA,0.656,57,Medium
1991,Thailand,49,0.215,6.82,6,0.325642857,NA,0.649,56,Medium
1992,Thailand,49,0.278,7.384,6,0.337857143,NA,0.685,58,Medium
1993,Thailand,49,0.43,7.946,6,0.356714286,NA,0.718,61,Medium
1994,Thailand,49,0.43,8.513,6,0.360178571,NA,0.715,64,Medium
1995,Thailand,49,0.438,9.04,6,0.362964286,NA,0.723,64,Medium
1996,Thailand,49,0.417,9.353,6,0.362714286,NA,0.716,63,Medium
1997,Thailand,49,0.489,9.123,6,0.378107143,NA,0.736,65,Medium
1998,Thailand,49,0.52,8.634,6,0.385428571,NA,0.753,66,Medium
1999,Thailand,49,0.52,8.658,6,0.393392857,NA,0.76,68,Medium
2000,Thailand,49,0.515,8.88,6,0.38625,-0.481,0.78,66,Medium
2001,Thailand,49,0.56,9.147,6,0.382964286,-0.481,0.78,68,Medium
2002,Thailand,49,0.554,9.639,6,0.406392857,-0.481,0.78,67,Medium
2003,Thailand,49,0.552,10.226,6,0.417714286,-0.481,0.78,67,Medium
2004,Thailand,49,0.549,10.719,6,0.417178571,-0.481,0.78,67,Medium
2005,Thailand,49,0.526,11.189,6,0.419071429,-0.481,0.788,67,Medium
2006,Thailand,49,0.24,11.658,6,0.402428571,-0.481,0.733,68,Medium
2007,Thailand,49,0.188,12.229,6,0.388678571,-0.481,0.786,69,Medium
2008,Thailand,49,0.412,12.465,6,0.424071429,-0.481,0.786,72,High
2009,Thailand,49,0.424,12.714,6,0.445964286,-0.481,0.79,71,High
2010,Thailand,49,0.421,13.3,6,0.450071429,-0.481,0.79,73,High
2011,Thailand,49,0.469,13.692,6,0.456,-0.481,0.814,74,High
2012,Thailand,49,0.502,14.329,6,0.452357143,-0.481,0.814,73,High
2013,Thailand,49,0.44,14.643,6,0.439892857,-0.481,0.73,74,High
2014,Thailand,49,0.153,14.834,6,0.435928571,-0.87,0.652,74,High
1990,Uganda,50,0.18,0.914,4,0.229020408,NA,0.614,49,Low
1991,Uganda,50,0.258,0.92,4,0.26592,NA,0.647,50,Low
1992,Uganda,50,0.261,0.937,4,0.30298,NA,0.647,50,Low
1993,Uganda,50,0.266,0.976,4,0.33768,NA,0.653,50,Low
1994,Uganda,50,0.293,1.035,4,0.34814,NA,0.689,54,Medium
1995,Uganda,50,0.296,1.085,4,0.3631,NA,0.764,55,Medium
1996,Uganda,50,0.309,1.116,4,0.36504,NA,0.766,55,Medium
1997,Uganda,50,0.308,1.146,4,0.36898,NA,0.772,60,Medium
1998,Uganda,50,0.308,1.18,4,0.37242,NA,0.772,60,Medium
1999,Uganda,50,0.308,1.215,4,0.36896,NA,0.771,60,Medium
2000,Uganda,50,0.313,1.24,4,0.37548,-0.32,0.783,61,Medium
2001,Uganda,50,0.283,1.275,4,0.3784,-0.32,0.808,58,Medium
2002,Uganda,50,0.273,1.316,4,0.38958,-0.482,0.807,61,Medium
2003,Uganda,50,0.268,1.357,4,0.401,-0.482,0.807,59,Medium
2004,Uganda,50,0.277,1.397,4,0.40568,-0.482,0.807,60,Medium
2005,Uganda,50,0.31,1.459,4,0.41424,-0.482,0.807,61,Medium
2006,Uganda,50,0.332,1.525,4,0.4292,-0.482,0.816,62,Medium
2007,Uganda,50,0.334,1.596,4,0.43482,-0.482,0.809,64,Medium
2008,Uganda,50,0.333,1.675,4,0.4316,-0.482,0.803,65,Medium
2009,Uganda,50,0.334,1.753,4,0.42536,-0.482,0.821,65,Medium
2010,Uganda,50,0.332,1.825,4,0.42482,-0.74,0.818,66,Medium
2011,Uganda,50,0.332,1.88,4,0.430411765,-0.478,0.821,64,Medium
2012,Uganda,50,0.332,1.889,4,0.425352941,-0.478,0.817,65,Medium
2013,Uganda,50,0.325,1.908,4,0.425372549,-0.478,0.823,69,Medium
2014,Uganda,50,0.32,1.937,4,0.43772549,-0.478,0.814,67,Medium
1990,Venezuela,51,0.75,9.907,2,0.55928,NA,0.806,74,High
1991,Venezuela,51,0.751,10.106,2,0.57996,NA,0.806,75,High
1992,Venezuela,51,0.743,10.241,2,0.5848,NA,0.806,78,High
1993,Venezuela,51,0.751,10.108,2,0.59928,NA,0.781,78,High
1994,Venezuela,51,0.752,9.779,2,0.60964,NA,0.781,82,High
1995,Venezuela,51,0.752,9.743,2,0.61876,NA,0.786,84,High
1996,Venezuela,51,0.752,9.658,2,0.63376,NA,0.786,84,High
1997,Venezuela,51,0.749,9.568,2,0.64032,NA,0.786,84,High
1998,Venezuela,51,0.739,9.299,2,0.64624,NA,0.809,87,High
1999,Venezuela,51,0.674,9.119,2,0.6428,NA,0.841,85,High
2000,Venezuela,51,0.58,9.295,2,0.6508,0.086,0.828,85,High
2001,Venezuela,51,0.534,9.246,2,0.66144,0.086,0.828,85,High
2002,Venezuela,51,0.497,8.919,2,0.66508,0.086,0.819,84,High
2003,Venezuela,51,0.493,8.768,2,0.66888,0.086,0.819,85,High
2004,Venezuela,51,0.478,9.756,2,0.66472,0.086,0.819,85,High
2005,Venezuela,51,0.477,10.951,2,0.66496,0.086,0.838,87,High
2006,Venezuela,51,0.451,12.067,2,0.66556,0.086,0.832,83,High
2007,Venezuela,51,0.439,13.005,2,0.66224,0.086,0.836,84,High
2008,Venezuela,51,0.434,13.714,2,0.66204,0,0.839,84,High
2009,Venezuela,51,0.433,13.481,2,0.66192,0,0.835,84,High
2010,Venezuela,51,0.423,13.85,2,0.65984,0,0.831,84,High
2011,Venezuela,51,0.418,14.334,2,0.65932,0,0.831,82,High
2012,Venezuela,51,0.411,14.452,2,0.65672,0,0.833,84,High
2013,Venezuela,51,0.333,13.83,2,0.64816,-0.256,0.807,82,High
2014,Venezuela,51,0.317,11.541,2,0.64972,-0.317,0.815,80,High
1990,Benin,52,0.227,1.62,4,0.229020408,NA,0.746,62,Medium
1991,Benin,52,0.479,1.641,4,0.26592,NA,0.76,63,Medium
1992,Benin,52,0.619,1.645,4,0.30298,NA,0.835,66,Medium
1993,Benin,52,0.619,1.649,4,0.33768,NA,0.835,69,Medium
1994,Benin,52,0.619,1.624,4,0.34814,NA,0.835,73,High
1995,Benin,52,0.639,1.667,4,0.3631,NA,0.834,72,High
1996,Benin,52,0.64,1.703,4,0.36504,NA,0.839,71,High
1997,Benin,52,0.639,1.755,4,0.36898,NA,0.841,70,Medium
1998,Benin,52,0.639,1.783,4,0.37242,NA,0.841,73,High
1999,Benin,52,0.629,1.846,4,0.36896,NA,0.835,72,High
2000,Benin,52,0.623,1.906,4,0.37548,1.881,0.835,73,High
2001,Benin,52,0.622,1.951,4,0.3784,1.881,0.835,72,High
2002,Benin,52,0.621,2,4,0.38958,1.881,0.835,76,High
2003,Benin,52,0.617,2.036,4,0.401,1.881,0.841,74,High
2004,Benin,52,0.616,2.065,4,0.40568,1.881,0.841,77,High
2005,Benin,52,0.642,2.065,4,0.41424,1.881,0.837,76,High
2006,Benin,52,0.676,2.071,4,0.4292,1.881,0.842,76,High
2007,Benin,52,0.668,2.109,4,0.43482,1.881,0.848,77,High
2008,Benin,52,0.657,2.117,4,0.4316,1.881,0.848,77,High
2009,Benin,52,0.657,2.112,4,0.42536,1.881,0.848,75,High
2010,Benin,52,0.657,2.1,4,0.42482,1.881,0.856,74,High
2011,Benin,52,0.619,2.129,4,0.430411765,1.881,0.851,74,High
2012,Benin,52,0.614,2.2,4,0.425352941,1.881,0.851,71,High
2013,Benin,52,0.612,2.311,4,0.425372549,1.881,0.844,72,High
2014,Benin,52,0.617,2.414,4,0.43772549,1.881,0.834,70,Medium
1990,Bhutan,53,0.058,2.812,6,0.321357143,NA,0.531,20,Low
1991,Bhutan,53,0.058,2.877,6,0.325642857,NA,0.519,21,Low
1992,Bhutan,53,0.06,2.959,6,0.337857143,NA,0.526,21,Low
1993,Bhutan,53,0.061,3.065,6,0.356714286,NA,0.528,21,Low
1994,Bhutan,53,0.059,3.177,6,0.360178571,NA,0.525,23,Low
1995,Bhutan,53,0.059,3.373,6,0.362964286,NA,0.527,24,Low
1996,Bhutan,53,0.061,3.52,6,0.362714286,NA,0.549,24,Low
1997,Bhutan,53,0.061,3.695,6,0.378107143,NA,0.561,24,Low
1998,Bhutan,53,0.073,3.847,6,0.385428571,NA,0.565,25,Low
1999,Bhutan,53,0.085,4.042,6,0.393392857,NA,0.594,26,Low
2000,Bhutan,53,0.09,4.307,6,0.38625,-1.951,0.637,27,Low
2001,Bhutan,53,0.091,4.562,6,0.382964286,-1.951,0.661,27,Low
2002,Bhutan,53,0.092,4.912,6,0.406392857,-1.951,0.658,27,Low
2003,Bhutan,53,0.095,5.203,6,0.417714286,-1.951,0.662,30,Low
2004,Bhutan,53,0.096,5.461,6,0.417178571,-1.951,0.666,33,Low
2005,Bhutan,53,0.098,5.768,6,0.419071429,-1.315,0.667,35,Low
2006,Bhutan,53,0.105,6.139,6,0.402428571,-1.315,0.623,35,Low
2007,Bhutan,53,0.136,6.781,6,0.388678571,-1.315,0.626,35,Low
2008,Bhutan,53,0.502,7.134,6,0.424071429,-0.861,0.727,35,Low
2009,Bhutan,53,0.597,7.57,6,0.445964286,-0.861,0.719,35,Low
2010,Bhutan,53,0.595,8.034,6,0.450071429,-0.861,0.728,35,Low
2011,Bhutan,53,0.595,8.444,6,0.456,-0.861,0.728,35,Low
2012,Bhutan,53,0.601,8.776,6,0.452357143,-0.861,0.728,34,Low
2013,Bhutan,53,0.578,9.024,6,0.439892857,-0.861,0.753,34,Low
2014,Bhutan,53,0.571,9.399,6,0.435928571,-0.861,0.764,33,Low
1990,Burkina Faso,54,0.169,1.257,4,0.229020408,NA,0.568,63,Medium
1991,Burkina Faso,54,0.194,1.276,4,0.26592,NA,0.61,64,Medium
1992,Burkina Faso,54,0.361,1.259,4,0.30298,NA,0.67,68,Medium
1993,Burkina Faso,54,0.477,1.248,4,0.33768,NA,0.706,70,Medium
1994,Burkina Faso,54,0.477,1.222,4,0.34814,NA,0.706,74,High
1995,Burkina Faso,54,0.477,1.256,4,0.3631,NA,0.694,73,High
1996,Burkina Faso,54,0.481,1.313,4,0.36504,NA,0.694,72,High
1997,Burkina Faso,54,0.48,1.362,4,0.36898,NA,0.721,72,High
1998,Burkina Faso,54,0.485,1.404,4,0.37242,NA,0.736,73,High
1999,Burkina Faso,54,0.487,1.45,4,0.36896,NA,0.725,73,High
2000,Burkina Faso,54,0.515,1.45,4,0.37548,-0.181,0.727,74,High
2001,Burkina Faso,54,0.532,1.48,4,0.3784,-0.181,0.727,72,High
2002,Burkina Faso,54,0.527,1.5,4,0.38958,-0.181,0.762,76,High
2003,Burkina Faso,54,0.525,1.539,4,0.401,-0.181,0.762,73,High
2004,Burkina Faso,54,0.525,1.565,4,0.40568,-0.181,0.762,76,High
2005,Burkina Faso,54,0.528,1.61,4,0.41424,-0.181,0.762,75,High
2006,Burkina Faso,54,0.547,1.642,4,0.4292,-0.181,0.762,74,High
2007,Burkina Faso,54,0.542,1.634,4,0.43482,-0.181,0.762,74,High
2008,Burkina Faso,54,0.539,1.66,4,0.4316,-0.181,0.779,76,High
2009,Burkina Faso,54,0.549,1.672,4,0.42536,-0.181,0.779,76,High
2010,Burkina Faso,54,0.567,1.736,4,0.42482,-0.181,0.785,75,High
2011,Burkina Faso,54,0.572,1.785,4,0.430411765,-0.181,0.785,73,High
2012,Burkina Faso,54,0.576,1.836,4,0.425352941,-0.181,0.79,72,High
2013,Burkina Faso,54,0.61,1.874,4,0.425372549,-0.181,0.763,75,High
2014,Burkina Faso,54,0.568,1.901,4,0.43772549,-0.181,0.759,72,High
1990,Cambodia,55,0.139,1.18,6,0.321357143,NA,0.314,24,Low
1991,Cambodia,55,0.139,1.224,6,0.325642857,NA,0.314,24,Low
1992,Cambodia,55,0.166,1.274,6,0.337857143,NA,0.433,26,Low
1993,Cambodia,55,0.323,1.335,6,0.356714286,NA,0.39,27,Low
1994,Cambodia,55,0.372,1.264,6,0.360178571,NA,0.505,28,Low
1995,Cambodia,55,0.372,1.28,6,0.362964286,NA,0.502,32,Low
1996,Cambodia,55,0.372,1.288,6,0.362714286,NA,0.502,33,Low
1997,Cambodia,55,0.372,1.309,6,0.378107143,NA,0.502,33,Low
1998,Cambodia,55,0.351,1.353,6,0.385428571,NA,0.557,35,Low
1999,Cambodia,55,0.329,1.435,6,0.393392857,NA,0.566,36,Low
2000,Cambodia,55,0.323,1.528,6,0.38625,-0.479,0.554,36,Low
2001,Cambodia,55,0.321,1.625,6,0.382964286,-0.479,0.554,35,Low
2002,Cambodia,55,0.322,1.719,6,0.406392857,-0.479,0.55,39,Low
2003,Cambodia,55,0.324,1.831,6,0.417714286,-0.479,0.559,42,Low
2004,Cambodia,55,0.321,1.975,6,0.417178571,-0.479,0.559,47,Low
2005,Cambodia,55,0.315,2.149,6,0.419071429,-0.479,0.547,48,Low
2006,Cambodia,55,0.315,2.319,6,0.402428571,-0.479,0.547,49,Low
2007,Cambodia,55,0.315,2.478,6,0.388678571,-0.479,0.547,50,Low
2008,Cambodia,55,0.314,2.601,6,0.424071429,-0.479,0.579,51,Medium
2009,Cambodia,55,0.309,2.614,6,0.445964286,-0.479,0.598,54,Medium
2010,Cambodia,55,0.308,2.703,6,0.450071429,-0.479,0.608,55,Medium
2011,Cambodia,55,0.308,2.832,6,0.456,-0.479,0.589,56,Medium
2012,Cambodia,55,0.304,2.982,6,0.452357143,-0.729,0.594,56,Medium
2013,Cambodia,55,0.293,3.136,6,0.439892857,-1.17,0.602,56,Medium
2014,Cambodia,55,0.292,3.295,6,0.435928571,-1.17,0.587,55,Medium
1990,Indonesia,56,0.19,3.763,6,0.321357143,NA,0.412,69,Medium
1991,Indonesia,56,0.192,4.014,6,0.325642857,NA,0.412,68,Medium
1992,Indonesia,56,0.191,4.264,6,0.337857143,NA,0.411,69,Medium
1993,Indonesia,56,0.191,4.477,6,0.356714286,NA,0.411,69,Medium
1994,Indonesia,56,0.191,4.741,6,0.360178571,NA,0.411,71,High
1995,Indonesia,56,0.191,5.026,6,0.362964286,NA,0.411,72,High
1996,Indonesia,56,0.191,5.243,6,0.362714286,NA,0.411,72,High
1997,Indonesia,56,0.199,5.256,6,0.378107143,NA,0.406,77,High
1998,Indonesia,56,0.285,4.87,6,0.385428571,NA,0.541,77,High
1999,Indonesia,56,0.565,4.75,6,0.393392857,NA,0.668,78,High
2000,Indonesia,56,0.675,4.744,6,0.38625,1.17,0.681,77,High
2001,Indonesia,56,0.675,4.815,6,0.382964286,1.17,0.681,77,High
2002,Indonesia,56,0.675,4.903,6,0.406392857,1.17,0.694,75,High
2003,Indonesia,56,0.675,5.01,6,0.417714286,1.17,0.698,76,High
2004,Indonesia,56,0.689,5.217,6,0.417178571,1.17,0.709,76,High
2005,Indonesia,56,0.698,5.488,6,0.419071429,1.17,0.69,76,High
2006,Indonesia,56,0.698,5.779,6,0.402428571,1.17,0.69,75,High
2007,Indonesia,56,0.7,6.145,6,0.388678571,1.17,0.687,75,High
2008,Indonesia,56,0.702,6.602,6,0.424071429,1.17,0.69,76,High
2009,Indonesia,56,0.688,7.042,6,0.445964286,1.17,0.719,75,High
2010,Indonesia,56,0.683,7.573,6,0.450071429,1.17,0.726,75,High
2011,Indonesia,56,0.683,8.127,6,0.456,1.17,0.724,74,High
2012,Indonesia,56,0.683,8.569,6,0.452357143,1.17,0.73,75,High
2013,Indonesia,56,0.677,8.874,6,0.439892857,0.948,0.709,77,High
2014,Indonesia,56,0.663,9.165,6,0.435928571,0.582,0.706,76,High
1990,Mozambique,57,0.123,0.735,4,0.229020408,NA,0.642,30,Low
1991,Mozambique,57,0.161,0.735,4,0.26592,NA,0.652,31,Low
1992,Mozambique,57,0.184,0.701,4,0.30298,NA,0.653,34,Low
1993,Mozambique,57,0.222,0.71,4,0.33768,NA,0.673,36,Low
1994,Mozambique,57,0.247,0.714,4,0.34814,NA,0.688,39,Low
1995,Mozambique,57,0.48,0.714,4,0.3631,NA,0.751,41,Low
1996,Mozambique,57,0.478,0.764,4,0.36504,NA,0.751,44,Low
1997,Mozambique,57,0.476,0.82,4,0.36898,NA,0.751,50,Low
1998,Mozambique,57,0.478,0.869,4,0.37242,NA,0.751,54,Medium
1999,Mozambique,57,0.469,0.907,4,0.36896,NA,0.767,54,Medium
2000,Mozambique,57,0.427,0.926,4,0.37548,1.045,0.769,56,Medium
2001,Mozambique,57,0.427,0.983,4,0.3784,1.045,0.769,55,Medium
2002,Mozambique,57,0.427,1.042,4,0.38958,1.045,0.769,57,Medium
2003,Mozambique,57,0.43,1.086,4,0.401,1.045,0.77,57,Medium
2004,Mozambique,57,0.433,1.134,4,0.40568,1.045,0.776,59,Medium
2005,Mozambique,57,0.481,1.174,4,0.41424,1.045,0.766,59,Medium
2006,Mozambique,57,0.481,1.22,4,0.4292,1.045,0.766,61,Medium
2007,Mozambique,57,0.482,1.253,4,0.43482,1.045,0.769,60,Medium
2008,Mozambique,57,0.479,1.291,4,0.4316,1.045,0.766,61,Medium
2009,Mozambique,57,0.468,1.314,4,0.42536,1.045,0.769,61,Medium
2010,Mozambique,57,0.434,1.33,4,0.42482,0.587,0.778,63,Medium
2011,Mozambique,57,0.435,1.352,4,0.430411765,0.587,0.783,62,Medium
2012,Mozambique,57,0.435,1.407,4,0.425352941,0.587,0.783,61,Medium
2013,Mozambique,57,0.446,1.459,4,0.425372549,0.587,0.745,65,Medium
2014,Mozambique,57,0.437,1.516,4,0.43772549,0.587,0.745,63,Medium
1990,Nepal,58,0.257,1.153,6,0.321357143,NA,0.41,33,Low
1991,Nepal,58,0.383,1.188,6,0.325642857,NA,0.478,35,Low
1992,Nepal,58,0.405,1.211,6,0.337857143,NA,0.491,36,Low
1993,Nepal,58,0.405,1.25,6,0.356714286,NA,0.501,36,Low
1994,Nepal,58,0.406,1.313,6,0.360178571,NA,0.501,38,Low
1995,Nepal,58,0.407,1.347,6,0.362964286,NA,0.496,37,Low
1996,Nepal,58,0.401,1.389,6,0.362714286,NA,0.475,37,Low
1997,Nepal,58,0.397,1.408,6,0.378107143,NA,0.484,38,Low
1998,Nepal,58,0.396,1.422,6,0.385428571,NA,0.494,40,Low
1999,Nepal,58,0.39,1.448,6,0.393392857,NA,0.509,40,Low
2000,Nepal,58,0.358,1.481,6,0.38625,-1.363,0.552,40,Low
2001,Nepal,58,0.353,1.5,6,0.382964286,-1.363,0.552,43,Low
2002,Nepal,58,0.272,1.5,6,0.406392857,-1.363,0.517,41,Low
2003,Nepal,58,0.219,1.529,6,0.417714286,-1.363,0.517,41,Low
2004,Nepal,58,0.219,1.56,6,0.417178571,-1.363,0.517,44,Low
2005,Nepal,58,0.217,1.584,6,0.419071429,-1.363,0.539,44,Low
2006,Nepal,58,0.227,1.621,6,0.402428571,-1.363,0.576,46,Low
2007,Nepal,58,0.275,1.671,6,0.388678571,-0.963,0.726,46,Low
2008,Nepal,58,0.473,1.751,6,0.424071429,-0.963,0.749,48,Low
2009,Nepal,58,0.557,1.848,6,0.445964286,-0.963,0.77,48,Low
2010,Nepal,58,0.549,1.933,6,0.450071429,-1.032,0.772,48,Low
2011,Nepal,58,0.553,2.016,6,0.456,-1.032,0.771,48,Low
2012,Nepal,58,0.39,2.105,6,0.452357143,-1.032,0.682,48,Low
2013,Nepal,58,0.279,2.181,6,0.439892857,-1.032,0.667,49,Low
2014,Nepal,58,0.624,2.271,6,0.435928571,-1.032,0.686,48,Low
1990,Nicaragua,59,0.637,2.964,2,0.55928,NA,0.686,62,Medium
1991,Nicaragua,59,0.692,2.882,2,0.57996,NA,0.723,63,Medium
1992,Nicaragua,59,0.694,2.811,2,0.5848,NA,0.721,62,Medium
1993,Nicaragua,59,0.694,2.776,2,0.59928,NA,0.759,63,Medium
1994,Nicaragua,59,0.695,2.803,2,0.60964,NA,0.759,66,Medium
1995,Nicaragua,59,0.692,2.881,2,0.61876,NA,0.729,67,Medium
1996,Nicaragua,59,0.682,2.975,2,0.63376,NA,0.717,68,Medium
1997,Nicaragua,59,0.637,3.057,2,0.64032,NA,0.717,66,Medium
1998,Nicaragua,59,0.637,3.141,2,0.64624,NA,0.619,66,Medium
1999,Nicaragua,59,0.598,3.268,2,0.6428,NA,0.621,67,Medium
2000,Nicaragua,59,0.594,3.33,2,0.6508,0.143,0.623,71,High
2001,Nicaragua,59,0.596,3.374,2,0.66144,0.143,0.681,74,High
2002,Nicaragua,59,0.61,3.401,2,0.66508,0.143,0.681,71,High
2003,Nicaragua,59,0.603,3.439,2,0.66888,0.143,0.681,74,High
2004,Nicaragua,59,0.603,3.539,2,0.66472,0.143,0.681,77,High
2005,Nicaragua,59,0.603,3.626,2,0.66496,0.143,0.681,77,High
2006,Nicaragua,59,0.569,3.718,2,0.66556,0.143,0.641,76,High
2007,Nicaragua,59,0.463,3.83,2,0.66224,-0.417,0.688,77,High
2008,Nicaragua,59,0.446,3.909,2,0.66204,-0.417,0.688,77,High
2009,Nicaragua,59,0.444,3.893,2,0.66192,-0.417,0.692,79,High
2010,Nicaragua,59,0.437,3.971,2,0.65984,-0.739,0.717,79,High
2011,Nicaragua,59,0.428,4.122,2,0.65932,-0.739,0.76,77,High
2012,Nicaragua,59,0.37,4.273,2,0.65672,-0.739,0.76,78,High
2013,Nicaragua,59,0.321,4.429,2,0.64816,-0.739,0.752,79,High
2014,Nicaragua,59,0.319,4.588,2,0.64972,-0.739,0.752,76,High
1990,Niger,60,0.354,1.085,4,0.229020408,NA,0.57,61,Medium
1991,Niger,60,0.396,1.06,4,0.26592,NA,0.568,62,Medium
1992,Niger,60,0.342,1.023,4,0.30298,NA,0.577,66,Medium
1993,Niger,60,0.541,0.997,4,0.33768,NA,0.608,68,Medium
1994,Niger,60,0.554,0.98,4,0.34814,NA,0.608,71,High
1995,Niger,60,0.548,0.963,4,0.3631,NA,0.593,69,Medium
1996,Niger,60,0.295,0.944,4,0.36504,NA,0.571,69,Medium
1997,Niger,60,0.392,0.936,4,0.36898,NA,0.576,68,Medium
1998,Niger,60,0.392,0.967,4,0.37242,NA,0.576,68,Medium
1999,Niger,60,0.259,0.954,4,0.36896,NA,0.566,68,Medium
2000,Niger,60,0.544,0.926,4,0.37548,-0.431,0.625,68,Medium
2001,Niger,60,0.543,0.935,4,0.3784,-0.431,0.625,67,Medium
2002,Niger,60,0.543,0.945,4,0.38958,-0.431,0.627,70,Medium
2003,Niger,60,0.543,0.944,4,0.401,-0.431,0.627,69,Medium
2004,Niger,60,0.547,0.924,4,0.40568,-0.431,0.688,70,Medium
2005,Niger,60,0.576,0.936,4,0.41424,-0.431,0.677,69,Medium
2006,Niger,60,0.578,0.945,4,0.4292,-0.431,0.677,68,Medium
2007,Niger,60,0.578,0.947,4,0.43482,-0.431,0.677,69,Medium
2008,Niger,60,0.573,0.97,4,0.4316,-0.431,0.683,71,High
2009,Niger,60,0.424,0.969,4,0.42536,-0.431,0.609,69,Medium
2010,Niger,60,0.267,0.994,4,0.42482,-0.34,0.675,68,Medium
2011,Niger,60,0.547,1.002,4,0.430411765,-0.494,0.675,66,Medium
2012,Niger,60,0.629,1.038,4,0.425352941,-0.494,0.733,64,Medium
2013,Niger,60,0.637,1.065,4,0.425372549,-0.494,0.73,67,Medium
2014,Niger,60,0.635,1.08,4,0.43772549,-0.494,0.73,65,Medium
1990,Zambia,61,0.209,1.591,4,0.229020408,NA,0.591,45,Low
1991,Zambia,61,0.277,1.549,4,0.26592,NA,0.581,46,Low
1992,Zambia,61,0.452,1.474,4,0.30298,NA,0.642,47,Low
1993,Zambia,61,0.456,1.431,4,0.33768,NA,0.642,49,Low
1994,Zambia,61,0.495,1.339,4,0.34814,NA,0.642,51,Medium
1995,Zambia,61,0.495,1.331,4,0.3631,NA,0.642,53,Medium
1996,Zambia,61,0.496,1.359,4,0.36504,NA,0.66,53,Medium
1997,Zambia,61,0.487,1.382,4,0.36898,NA,0.661,56,Medium
1998,Zambia,61,0.487,1.37,4,0.37242,NA,0.665,56,Medium
1999,Zambia,61,0.487,1.396,4,0.36896,NA,0.664,58,Medium
2000,Zambia,61,0.497,1.446,4,0.37548,1.913,0.674,59,Medium
2001,Zambia,61,0.498,1.497,4,0.3784,1.913,0.685,57,Medium
2002,Zambia,61,0.5,1.553,4,0.38958,1.913,0.685,64,Medium
2003,Zambia,61,0.5,1.629,4,0.401,1.913,0.702,60,Medium
2004,Zambia,61,0.5,1.719,4,0.40568,1.913,0.702,62,Medium
2005,Zambia,61,0.506,1.83,4,0.41424,1.913,0.697,62,Medium
2006,Zambia,61,0.51,1.99,4,0.4292,1.913,0.711,63,Medium
2007,Zambia,61,0.511,2.184,4,0.43482,1.913,0.713,63,Medium
2008,Zambia,61,0.528,2.327,4,0.4316,1.481,0.71,65,Medium
2009,Zambia,61,0.532,2.494,4,0.42536,1.481,0.707,64,Medium
2010,Zambia,61,0.521,2.672,4,0.42482,1.481,0.703,64,Medium
2011,Zambia,61,0.512,2.798,4,0.430411765,0.78,0.694,62,Medium
2012,Zambia,61,0.522,2.877,4,0.425352941,0.78,0.697,61,Medium
2013,Zambia,61,0.49,2.925,4,0.425372549,0.78,0.695,63,Medium
2014,Zambia,61,0.485,2.954,4,0.43772549,0.78,0.706,61,Medium
1990,Zimbabwe,62,0.298,3.565,4,0.229020408,NA,0.647,44,Low
1991,Zimbabwe,62,0.306,3.643,4,0.26592,NA,0.635,46,Low
1992,Zimbabwe,62,0.306,3.462,4,0.30298,NA,0.635,49,Low
1993,Zimbabwe,62,0.306,3.449,4,0.33768,NA,0.635,50,Low
1994,Zimbabwe,62,0.306,3.571,4,0.34814,NA,0.635,56,Medium
1995,Zimbabwe,62,0.304,3.604,4,0.3631,NA,0.65,55,Medium
1996,Zimbabwe,62,0.307,3.755,4,0.36504,NA,0.651,54,Medium
1997,Zimbabwe,62,0.305,3.741,4,0.36898,NA,0.685,57,Medium
1998,Zimbabwe,62,0.301,3.669,4,0.37242,NA,0.685,57,Medium
1999,Zimbabwe,62,0.303,3.538,4,0.36896,NA,0.686,57,Medium
2000,Zimbabwe,62,0.284,3.31,4,0.37548,-0.181,0.688,60,Medium
2001,Zimbabwe,62,0.269,3.206,4,0.3784,-0.181,0.708,57,Medium
2002,Zimbabwe,62,0.268,2.917,4,0.38958,-0.181,0.708,60,Medium
2003,Zimbabwe,62,0.268,2.506,4,0.401,-0.181,0.708,58,Medium
2004,Zimbabwe,62,0.255,2.273,4,0.40568,-0.181,0.708,57,Medium
2005,Zimbabwe,62,0.254,2.085,4,0.41424,-0.181,0.74,58,Medium
2006,Zimbabwe,62,0.255,1.933,4,0.4292,-0.181,0.742,57,Medium
2007,Zimbabwe,62,0.255,1.84,4,0.43482,-0.181,0.739,57,Medium
2008,Zimbabwe,62,0.252,1.705,4,0.4316,-0.181,0.722,58,Medium
2009,Zimbabwe,62,0.25,1.923,4,0.42536,-0.181,0.728,57,Medium
2010,Zimbabwe,62,0.261,2.146,4,0.42482,-0.181,0.754,58,Medium
2011,Zimbabwe,62,0.262,2.343,4,0.430411765,-0.181,0.747,58,Medium
2012,Zimbabwe,62,0.263,2.569,4,0.425352941,-0.181,0.747,58,Medium
2013,Zimbabwe,62,0.286,2.686,4,0.425372549,-0.181,0.795,59,Medium
2014,Zimbabwe,62,0.296,2.71,4,0.43772549,-0.181,0.798,57,Medium
1990,Guinea,63,0.117,1.826,4,0.229020408,NA,0.232,52,Medium
1991,Guinea,63,0.146,1.819,4,0.26592,NA,0.349,54,Medium
1992,Guinea,63,0.166,1.805,4,0.30298,NA,0.367,57,Medium
1993,Guinea,63,0.166,1.837,4,0.33768,NA,0.363,58,Medium
1994,Guinea,63,0.187,1.856,4,0.34814,NA,0.357,61,Medium
1995,Guinea,63,0.257,1.886,4,0.3631,NA,0.302,64,Medium
1996,Guinea,63,0.261,1.929,4,0.36504,NA,0.302,63,Medium
1997,Guinea,63,0.262,1.941,4,0.36898,NA,0.302,65,Medium
1998,Guinea,63,0.261,1.939,4,0.37242,NA,0.302,66,Medium
1999,Guinea,63,0.265,1.93,4,0.36896,NA,0.302,66,Medium
2000,Guinea,63,0.269,1.913,4,0.37548,-1.179,0.335,69,Medium
2001,Guinea,63,0.274,1.903,4,0.3784,-1.179,0.335,68,Medium
2002,Guinea,63,0.271,1.894,4,0.38958,-1.179,0.415,71,High
2003,Guinea,63,0.275,1.861,4,0.401,-1.179,0.415,70,Medium
2004,Guinea,63,0.271,1.829,4,0.40568,-1.179,0.415,73,High
2005,Guinea,63,0.271,1.822,4,0.41424,-1.179,0.424,71,High
2006,Guinea,63,0.269,1.819,4,0.4292,-1.179,0.432,72,High
2007,Guinea,63,0.269,1.856,4,0.43482,-1.179,0.433,73,High
2008,Guinea,63,0.266,1.876,4,0.4316,-1.179,0.303,75,High
2009,Guinea,63,0.174,1.85,4,0.42536,-1.179,0.29,74,High
2010,Guinea,63,0.234,1.897,4,0.42482,-1.179,0.328,73,High
2011,Guinea,63,0.31,1.953,4,0.430411765,-1.179,0.328,71,High
2012,Guinea,63,0.31,2.006,4,0.425352941,-1.179,0.328,71,High
2013,Guinea,63,0.317,2.038,4,0.425372549,-1.179,0.337,73,High
2014,Guinea,63,0.37,2.065,4,0.43772549,-1.179,0.348,70,Medium
1990,Mauritania,65,0.114,2.672,4,0.229020408,NA,0.308,68,Medium
1991,Mauritania,65,0.13,2.69,4,0.26592,NA,0.347,69,Medium
1992,Mauritania,65,0.212,2.702,4,0.30298,NA,0.386,70,Medium
1993,Mauritania,65,0.217,2.779,4,0.33768,NA,0.439,74,High
1994,Mauritania,65,0.306,2.788,4,0.34814,NA,0.439,76,High
1995,Mauritania,65,0.309,2.819,4,0.3631,NA,0.439,77,High
1996,Mauritania,65,0.309,2.897,4,0.36504,NA,0.465,77,High
1997,Mauritania,65,0.302,2.829,4,0.36898,NA,0.465,77,High
1998,Mauritania,65,0.303,2.821,4,0.37242,NA,0.465,78,High
1999,Mauritania,65,0.303,2.818,4,0.36896,NA,0.465,77,High
2000,Mauritania,65,0.309,2.749,4,0.37548,-0.364,0.465,78,High
2001,Mauritania,65,0.313,2.709,4,0.3784,-0.364,0.48,75,High
2002,Mauritania,65,0.318,2.716,4,0.38958,-0.364,0.48,79,High
2003,Mauritania,65,0.314,2.804,4,0.401,-0.364,0.48,75,High
2004,Mauritania,65,0.319,2.879,4,0.40568,-0.364,0.481,79,High
2005,Mauritania,65,0.294,3.049,4,0.41424,-0.364,0.48,78,High
2006,Mauritania,65,0.252,3.318,4,0.4292,0.008,0.517,78,High
2007,Mauritania,65,0.452,3.331,4,0.43482,-0.232,0.518,79,High
2008,Mauritania,65,0.396,3.303,4,0.4316,-0.232,0.623,82,High
2009,Mauritania,65,0.375,3.252,4,0.42536,-0.232,0.623,82,High
2010,Mauritania,65,0.477,3.315,4,0.42482,-0.232,0.623,82,High
2011,Mauritania,65,0.477,3.41,4,0.430411765,-0.232,0.623,80,High
2012,Mauritania,65,0.48,3.453,4,0.425352941,-0.232,0.623,79,High
2013,Mauritania,65,0.423,3.485,4,0.425372549,-0.232,0.641,81,High
2014,Mauritania,65,0.43,3.523,4,0.43772549,-0.232,0.641,76,High
1990,Canada,66,0.83,32.999,5,0.860625,NA,0.88,86,High
1991,Canada,66,0.83,32.388,5,0.862333333,NA,0.88,87,High
1992,Canada,66,0.826,32.565,5,0.86475,NA,0.887,88,High
1993,Canada,66,0.825,32.904,5,0.865791667,NA,0.896,88,High
1994,Canada,66,0.831,33.668,5,0.86575,NA,0.899,89,High
1995,Canada,66,0.831,34.271,5,0.865875,NA,0.899,92,High
1996,Canada,66,0.835,34.653,5,0.867791667,NA,0.899,91,High
1997,Canada,66,0.836,35.007,5,0.867791667,NA,0.902,90,High
1998,Canada,66,0.836,35.927,5,0.867,NA,0.902,90,High
1999,Canada,66,0.836,37.126,5,0.868458333,NA,0.902,90,High
2000,Canada,66,0.836,38.313,5,0.870625,1.084,0.906,89,High
2001,Canada,66,0.832,38.7,5,0.869125,1.084,0.906,91,High
2002,Canada,66,0.824,39.333,5,0.86925,1.084,0.906,91,High
2003,Canada,66,0.824,39.891,5,0.870166667,1.084,0.906,93,High
2004,Canada,66,0.824,40.943,5,0.870291667,1.084,0.906,91,High
2005,Canada,66,0.825,42.063,5,0.871958333,1.084,0.906,91,High
2006,Canada,66,0.831,42.817,5,0.874458333,1.084,0.908,91,High
2007,Canada,66,0.831,43.559,5,0.878416667,1.084,0.904,89,High
2008,Canada,66,0.829,43.404,5,0.881166667,1.084,0.905,90,High
2009,Canada,66,0.829,42.464,5,0.883125,1.084,0.908,90,High
2010,Canada,66,0.829,42.797,5,0.884375,1.084,0.911,91,High
2011,Canada,66,0.814,43.272,5,0.883666667,1.084,0.913,91,High
2012,Canada,66,0.807,43.86,5,0.883958333,1.084,0.909,90,High
2013,Canada,66,0.81,44.227,5,0.879083333,1.084,0.903,90,High
2014,Canada,66,0.81,44.898,5,0.877583333,1.084,0.903,89,High
1990,Australia,67,0.89,29.686,5,0.860625,NA,0.89,80,High
1991,Australia,67,0.89,29.525,5,0.862333333,NA,0.89,78,High
1992,Australia,67,0.89,29.863,5,0.86475,NA,0.89,77,High
1993,Australia,67,0.888,30.7,5,0.865791667,NA,0.897,75,High
1994,Australia,67,0.888,31.679,5,0.86575,NA,0.897,75,High
1995,Australia,67,0.888,32.627,5,0.865875,NA,0.897,75,High
1996,Australia,67,0.888,33.707,5,0.867791667,NA,0.913,74,High
1997,Australia,67,0.881,34.852,5,0.867791667,NA,0.913,75,High
1998,Australia,67,0.881,35.977,5,0.867,NA,0.922,75,High
1999,Australia,67,0.88,37.17,5,0.868458333,NA,0.922,74,High
2000,Australia,67,0.888,38.128,5,0.870625,2.159,0.926,74,High
2001,Australia,67,0.884,38.807,5,0.869125,2.159,0.929,75,High
2002,Australia,67,0.875,39.869,5,0.86925,2.159,0.929,78,High
2003,Australia,67,0.875,40.897,5,0.870166667,2.159,0.929,78,High
2004,Australia,67,0.875,41.688,5,0.870291667,2.159,0.928,80,High
2005,Australia,67,0.875,42.695,5,0.871958333,2.159,0.928,80,High
2006,Australia,67,0.875,43.309,5,0.874458333,2.159,0.928,80,High
2007,Australia,67,0.876,43.945,5,0.878416667,2.159,0.929,80,High
2008,Australia,67,0.885,44.512,5,0.881166667,2.159,0.929,84,High
2009,Australia,67,0.885,44.626,5,0.883125,2.159,0.93,84,High
2010,Australia,67,0.895,45.222,5,0.884375,1.749,0.926,85,High
2011,Australia,67,0.897,45.765,5,0.883666667,1.749,0.926,87,High
2012,Australia,67,0.897,46.334,5,0.883958333,1.749,0.926,87,High
2013,Australia,67,0.877,46.671,5,0.879083333,1.749,0.926,89,High
2014,Australia,67,0.868,46.944,5,0.877583333,1.749,0.932,87,High
1990,Botswana,68,0.692,6.988,4,0.229020408,NA,0.595,38,Low
1991,Botswana,68,0.692,7.3,4,0.26592,NA,0.595,39,Low
1992,Botswana,68,0.692,7.4,4,0.30298,NA,0.595,39,Low
1993,Botswana,68,0.692,7.43,4,0.33768,NA,0.595,39,Low
1994,Botswana,68,0.685,7.601,4,0.34814,NA,0.617,42,Low
1995,Botswana,68,0.689,7.931,4,0.3631,NA,0.627,42,Low
1996,Botswana,68,0.689,8.423,4,0.36504,NA,0.624,42,Low
1997,Botswana,68,0.705,8.798,4,0.36898,NA,0.624,47,Low
1998,Botswana,68,0.704,8.957,4,0.37242,NA,0.624,50,Low
1999,Botswana,68,0.703,9.428,4,0.36896,NA,0.754,50,Low
2000,Botswana,68,0.702,9.685,4,0.37548,1.924,0.754,50,Low
2001,Botswana,68,0.702,9.758,4,0.3784,1.924,0.754,48,Low
2002,Botswana,68,0.702,10.053,4,0.38958,1.924,0.754,53,Medium
2003,Botswana,68,0.702,10.346,4,0.401,1.924,0.754,50,Low
2004,Botswana,68,0.715,10.653,4,0.40568,1.924,0.718,50,Low
2005,Botswana,68,0.721,11.157,4,0.41424,1.924,0.718,50,Low
2006,Botswana,68,0.719,11.657,4,0.4292,1.924,0.718,49,Low
2007,Botswana,68,0.725,12.087,4,0.43482,1.924,0.718,49,Low
2008,Botswana,68,0.713,12.157,4,0.4316,1.924,0.717,50,Low
2009,Botswana,68,0.722,11.784,4,0.42536,1.924,0.697,50,Low
2010,Botswana,68,0.723,12.259,4,0.42482,1.924,0.707,51,Medium
2011,Botswana,68,0.726,12.77,4,0.430411765,1.924,0.707,51,Medium
2012,Botswana,68,0.726,13.104,4,0.425352941,1.924,0.704,51,Medium
2013,Botswana,68,0.72,13.705,4,0.425372549,1.924,0.739,53,Medium
2014,Botswana,68,0.715,14.252,4,0.43772549,1.924,0.743,50,Low
1990,Burundi,69,0.09,1.093,4,0.229020408,NA,0.358,40,Low
1991,Burundi,69,0.09,1.104,4,0.26592,NA,0.358,41,Low
1992,Burundi,69,0.166,1.086,4,0.30298,NA,0.423,43,Low
1993,Burundi,69,0.276,1.037,4,0.33768,NA,0.492,43,Low
1994,Burundi,69,0.238,0.99,4,0.34814,NA,0.549,44,Low
1995,Burundi,69,0.254,0.912,4,0.3631,NA,0.549,44,Low
1996,Burundi,69,0.224,0.842,4,0.36504,NA,0.537,43,Low
1997,Burundi,69,0.188,0.82,4,0.36898,NA,0.549,44,Low
1998,Burundi,69,0.184,0.826,4,0.37242,NA,0.581,44,Low
1999,Burundi,69,0.186,0.812,4,0.36896,NA,0.581,46,Low
2000,Burundi,69,0.187,0.787,4,0.37548,-0.504,0.594,47,Low
2001,Burundi,69,0.19,0.774,4,0.3784,-0.504,0.597,45,Low
2002,Burundi,69,0.205,0.776,4,0.38958,-0.504,0.609,50,Low
2003,Burundi,69,0.211,0.77,4,0.401,-0.504,0.619,48,Low
2004,Burundi,69,0.21,0.766,4,0.40568,-0.504,0.619,51,Medium
2005,Burundi,69,0.302,0.753,4,0.41424,-0.251,0.659,51,Medium
2006,Burundi,69,0.416,0.751,4,0.4292,-0.251,0.659,52,Medium
2007,Burundi,69,0.412,0.747,4,0.43482,-0.251,0.663,55,Medium
2008,Burundi,69,0.407,0.746,4,0.4316,-0.251,0.664,58,Medium
2009,Burundi,69,0.394,0.748,4,0.42536,-0.251,0.657,60,Medium
2010,Burundi,69,0.323,0.753,4,0.42482,-0.544,0.642,60,Medium
2011,Burundi,69,0.287,0.755,4,0.430411765,-0.544,0.632,61,Medium
2012,Burundi,69,0.29,0.761,4,0.425352941,-0.544,0.639,59,Medium
2013,Burundi,69,0.282,0.776,4,0.425372549,-0.544,0.624,60,Medium
2014,Burundi,69,0.273,0.776,4,0.43772549,-0.544,0.634,57,Medium
1990,Chile,72,0.73,9.232,2,0.55928,NA,0.585,65,Medium
1991,Chile,72,0.824,9.788,2,0.57996,NA,0.627,69,Medium
1992,Chile,72,0.824,10.578,2,0.5848,NA,0.627,71,High
1993,Chile,72,0.823,11.134,2,0.59928,NA,0.636,71,High
1994,Chile,72,0.861,11.745,2,0.60964,NA,0.638,73,High
1995,Chile,72,0.861,12.594,2,0.61876,NA,0.638,77,High
1996,Chile,72,0.861,13.178,2,0.63376,NA,0.646,76,High
1997,Chile,72,0.861,13.667,2,0.64032,NA,0.666,76,High
1998,Chile,72,0.863,13.846,2,0.64624,NA,0.666,79,High
1999,Chile,72,0.859,13.784,2,0.6428,NA,0.666,78,High
2000,Chile,72,0.88,14.054,2,0.6508,2.061,0.826,79,High
2001,Chile,72,0.88,14.217,2,0.66144,2.061,0.832,79,High
2002,Chile,72,0.881,14.447,2,0.66508,2.061,0.844,78,High
2003,Chile,72,0.881,14.947,2,0.66888,2.061,0.844,78,High
2004,Chile,72,0.881,15.813,2,0.66472,2.061,0.844,79,High
2005,Chile,72,0.88,16.711,2,0.66496,2.061,0.852,80,High
2006,Chile,72,0.892,17.749,2,0.66556,2.061,0.852,79,High
2007,Chile,72,0.892,18.509,2,0.66224,2.061,0.852,80,High
2008,Chile,72,0.892,18.743,2,0.66204,2.061,0.852,81,High
2009,Chile,72,0.889,18.849,2,0.66192,2.061,0.85,83,High
2010,Chile,72,0.89,19.839,2,0.65984,2.061,0.852,84,High
2011,Chile,72,0.893,20.679,2,0.65932,2.061,0.854,83,High
2012,Chile,72,0.893,21.542,2,0.65672,2.061,0.852,84,High
2013,Chile,72,0.895,22.08,2,0.64816,2.061,0.86,85,High
2014,Chile,72,0.892,22.276,2,0.64972,2.061,0.867,83,High
1990,Ecuador,75,0.725,6.506,2,0.55928,NA,0.572,67,Medium
1991,Ecuador,75,0.726,6.597,2,0.57996,NA,0.572,69,Medium
1992,Ecuador,75,0.722,6.651,2,0.5848,NA,0.562,70,Medium
1993,Ecuador,75,0.716,6.602,2,0.59928,NA,0.571,69,Medium
1994,Ecuador,75,0.704,6.639,2,0.60964,NA,0.561,71,High
1995,Ecuador,75,0.706,6.628,2,0.61876,NA,0.561,71,High
1996,Ecuador,75,0.704,6.624,2,0.63376,NA,0.581,72,High
1997,Ecuador,75,0.703,6.689,2,0.64032,NA,0.593,74,High
1998,Ecuador,75,0.697,6.671,2,0.64624,NA,0.724,76,High
1999,Ecuador,75,0.692,6.528,2,0.6428,NA,0.724,76,High
2000,Ecuador,75,0.696,6.537,2,0.6508,-0.633,0.753,78,High
2001,Ecuador,75,0.696,6.674,2,0.66144,-0.633,0.753,78,High
2002,Ecuador,75,0.699,6.909,2,0.66508,-0.633,0.746,75,High
2003,Ecuador,75,0.709,7.118,2,0.66888,-0.633,0.746,77,High
2004,Ecuador,75,0.709,7.494,2,0.66472,-0.633,0.746,76,High
2005,Ecuador,75,0.709,7.864,2,0.66496,-0.633,0.746,77,High
2006,Ecuador,75,0.703,8.107,2,0.66556,-0.633,0.817,76,High
2007,Ecuador,75,0.677,8.355,2,0.66224,-0.979,0.821,80,High
2008,Ecuador,75,0.64,8.625,2,0.66204,-1.202,0.823,82,High
2009,Ecuador,75,0.621,8.754,2,0.66192,-1.202,0.844,82,High
2010,Ecuador,75,0.599,8.971,2,0.65984,-1.226,0.849,82,High
2011,Ecuador,75,0.593,9.42,2,0.65932,-1.185,0.849,80,High
2012,Ecuador,75,0.6,9.827,2,0.65672,-1.185,0.849,80,High
2013,Ecuador,75,0.545,10.188,2,0.64816,-1.185,0.849,80,High
2014,Ecuador,75,0.541,10.39,2,0.64972,-1.185,0.852,81,High
1990,France,76,0.877,29.31,5,0.860625,NA,0.877,117,High
1991,France,76,0.877,29.632,5,0.862333333,NA,0.877,116,High
1992,France,76,0.877,29.896,5,0.86475,NA,0.881,121,High
1993,France,76,0.877,29.87,5,0.865791667,NA,0.879,117,High
1994,France,76,0.877,30.308,5,0.86575,NA,0.879,120,High
1995,France,76,0.874,30.794,5,0.865875,NA,0.879,121,High
1996,France,76,0.877,31.311,5,0.867791667,NA,0.879,120,High
1997,France,76,0.877,32.145,5,0.867791667,NA,0.896,121,High
1998,France,76,0.877,33.312,5,0.867,NA,0.905,126,High
1999,France,76,0.877,34.327,5,0.868458333,NA,0.905,124,High
2000,France,76,0.877,35.243,5,0.870625,1.56,0.907,123,High
2001,France,76,0.877,35.822,5,0.869125,1.15,0.907,124,High
2002,France,76,0.877,35.903,5,0.86925,1.15,0.912,122,High
2003,France,76,0.877,35.709,5,0.870166667,1.15,0.912,122,High
2004,France,76,0.877,35.963,5,0.870291667,1.15,0.912,123,High
2005,France,76,0.877,36.56,5,0.871958333,1.15,0.912,122,High
2006,France,76,0.877,37.233,5,0.874458333,1.15,0.912,121,High
2007,France,76,0.88,37.799,5,0.878416667,1.15,0.927,122,High
2008,France,76,0.886,37.766,5,0.881166667,1.15,0.932,122,High
2009,France,76,0.886,37.283,5,0.883125,1.15,0.931,121,High
2010,France,76,0.886,37.481,5,0.884375,0.996,0.927,121,High
2011,France,76,0.889,37.943,5,0.883666667,0.996,0.927,121,High
2012,France,76,0.893,37.989,5,0.883958333,0.996,0.937,121,High
2013,France,76,0.895,37.964,5,0.879083333,0.996,0.942,123,High
2014,France,76,0.893,38.127,5,0.877583333,0.996,0.942,121,High
1990,Germany,77,0.896,29.288,5,0.860625,NA,0.915,102,High
1991,Germany,77,0.898,29.891,5,0.862333333,NA,0.915,103,High
1992,Germany,77,0.898,30.289,5,0.86475,NA,0.915,106,High
1993,Germany,77,0.898,30.492,5,0.865791667,NA,0.919,101,High
1994,Germany,77,0.898,30.951,5,0.86575,NA,0.925,104,High
1995,Germany,77,0.899,31.37,5,0.865875,NA,0.921,105,High
1996,Germany,77,0.899,31.79,5,0.867791667,NA,0.921,103,High
1997,Germany,77,0.899,32.445,5,0.867791667,NA,0.924,103,High
1998,Germany,77,0.9,33.34,5,0.867,NA,0.947,108,High
1999,Germany,77,0.902,34.125,5,0.868458333,NA,0.949,105,High
2000,Germany,77,0.902,34.773,5,0.870625,0.958,0.952,103,High
2001,Germany,77,0.902,35.471,5,0.869125,0.958,0.952,104,High
2002,Germany,77,0.901,35.954,5,0.86925,0.958,0.949,103,High
2003,Germany,77,0.896,36.102,5,0.870166667,0.958,0.949,104,High
2004,Germany,77,0.896,36.58,5,0.870291667,0.958,0.95,104,High
2005,Germany,77,0.897,37.291,5,0.871958333,0.958,0.95,103,High
2006,Germany,77,0.901,38.209,5,0.874458333,0.958,0.949,103,High
2007,Germany,77,0.901,39.249,5,0.878416667,0.958,0.949,104,High
2008,Germany,77,0.901,39.721,5,0.881166667,0.958,0.952,103,High
2009,Germany,77,0.901,39.032,5,0.883125,0.958,0.952,103,High
2010,Germany,77,0.903,40.066,5,0.884375,0.958,0.952,104,High
2011,Germany,77,0.903,41.259,5,0.883666667,0.958,0.952,105,High
2012,Germany,77,0.903,41.687,5,0.883958333,0.958,0.952,104,High
2013,Germany,77,0.895,41.845,5,0.879083333,0.958,0.954,106,High
2014,Germany,77,0.887,42.589,5,0.877583333,0.958,0.954,104,High
1990,Guatemala,78,0.374,4.343,2,0.55928,NA,0.365,60,Medium
1991,Guatemala,78,0.392,4.427,2,0.57996,NA,0.364,62,Medium
1992,Guatemala,78,0.392,4.524,2,0.5848,NA,0.364,62,Medium
1993,Guatemala,78,0.393,4.625,2,0.59928,NA,0.369,62,Medium
1994,Guatemala,78,0.407,4.702,2,0.60964,NA,0.417,64,Medium
1995,Guatemala,78,0.418,4.802,2,0.61876,NA,0.457,65,Medium
1996,Guatemala,78,0.464,4.871,2,0.63376,NA,0.502,64,Medium
1997,Guatemala,78,0.501,4.969,2,0.64032,NA,0.533,65,Medium
1998,Guatemala,78,0.501,5.105,2,0.64624,NA,0.534,65,Medium
1999,Guatemala,78,0.503,5.208,2,0.6428,NA,0.505,65,Medium
2000,Guatemala,78,0.553,5.286,2,0.6508,2.212,0.597,68,Medium
2001,Guatemala,78,0.553,5.34,2,0.66144,2.212,0.597,69,Medium
2002,Guatemala,78,0.553,5.411,2,0.66508,2.212,0.597,69,Medium
2003,Guatemala,78,0.556,5.454,2,0.66888,2.212,0.597,70,Medium
2004,Guatemala,78,0.57,5.517,2,0.66472,2.212,0.604,71,High
2005,Guatemala,78,0.57,5.625,2,0.66496,2.212,0.604,72,High
2006,Guatemala,78,0.57,5.761,2,0.66556,2.212,0.604,72,High
2007,Guatemala,78,0.576,5.912,2,0.66224,2.212,0.625,73,High
2008,Guatemala,78,0.59,5.995,2,0.66204,2.212,0.631,77,High
2009,Guatemala,78,0.591,6.059,2,0.66192,2.212,0.632,79,High
2010,Guatemala,78,0.586,6.165,2,0.65984,2.212,0.634,78,High
2011,Guatemala,78,0.586,6.26,2,0.65932,2.212,0.641,76,High
2012,Guatemala,78,0.576,6.359,2,0.65672,2.212,0.64,76,High
2013,Guatemala,78,0.578,6.455,2,0.64816,2.212,0.662,75,High
2014,Guatemala,78,0.582,6.598,2,0.64972,2.212,0.665,73,High
1990,Ireland,81,0.861,20.044,5,0.860625,NA,0.832,69,Medium
1991,Ireland,81,0.875,20.766,5,0.862333333,NA,0.832,69,Medium
1992,Ireland,81,0.875,21.531,5,0.86475,NA,0.854,71,High
1993,Ireland,81,0.874,22.41,5,0.865791667,NA,0.854,69,Medium
1994,Ireland,81,0.874,23.695,5,0.86575,NA,0.876,71,High
1995,Ireland,81,0.874,25.77,5,0.865875,NA,0.876,73,High
1996,Ireland,81,0.876,27.732,5,0.867791667,NA,0.877,72,High
1997,Ireland,81,0.88,30.475,5,0.867791667,NA,0.874,72,High
1998,Ireland,81,0.883,33.21,5,0.867,NA,0.874,75,High
1999,Ireland,81,0.883,36.042,5,0.868458333,NA,0.875,73,High
2000,Ireland,81,0.887,38.803,5,0.870625,2.086,0.875,72,High
2001,Ireland,81,0.887,40.954,5,0.869125,2.086,0.875,73,High
2002,Ireland,81,0.887,43.291,5,0.86925,2.086,0.88,72,High
2003,Ireland,81,0.886,44.853,5,0.870166667,2.086,0.88,73,High
2004,Ireland,81,0.886,46.467,5,0.870291667,2.086,0.88,75,High
2005,Ireland,81,0.886,47.958,5,0.871958333,2.086,0.88,75,High
2006,Ireland,81,0.886,49.579,5,0.874458333,2.086,0.879,77,High
2007,Ireland,81,0.893,50.038,5,0.878416667,2.086,0.881,77,High
2008,Ireland,81,0.897,48.059,5,0.881166667,2.086,0.881,78,High
2009,Ireland,81,0.897,45.896,5,0.883125,2.086,0.881,78,High
2010,Ireland,81,0.897,45.613,5,0.884375,2.086,0.887,78,High
2011,Ireland,81,0.896,45.775,5,0.883666667,2.086,0.891,78,High
2012,Ireland,81,0.897,46.172,5,0.883958333,2.086,0.896,77,High
2013,Ireland,81,0.894,47.275,5,0.879083333,2.086,0.9,78,High
2014,Ireland,81,0.894,50.877,5,0.877583333,2.086,0.903,76,High
1990,Italy,82,0.822,26.706,5,0.860625,NA,0.822,100,High
1991,Italy,82,0.831,27.226,5,0.862333333,NA,0.882,98,High
1992,Italy,82,0.838,27.637,5,0.86475,NA,0.865,100,High
1993,Italy,82,0.842,27.85,5,0.865791667,NA,0.879,96,High
1994,Italy,82,0.836,28.461,5,0.86575,NA,0.896,98,High
1995,Italy,82,0.834,29.259,5,0.865875,NA,0.896,99,High
1996,Italy,82,0.84,29.716,5,0.867791667,NA,0.888,98,High
1997,Italy,82,0.846,30.343,5,0.867791667,NA,0.888,98,High
1998,Italy,82,0.846,31.189,5,0.867,NA,0.888,102,High
1999,Italy,82,0.846,31.813,5,0.868458333,NA,0.888,101,High
2000,Italy,82,0.844,32.734,5,0.870625,1.629,0.889,100,High
2001,Italy,82,0.835,33.196,5,0.869125,1.629,0.885,103,High
2002,Italy,82,0.841,33.804,5,0.86925,1.629,0.885,101,High
2003,Italy,82,0.841,34.009,5,0.870166667,1.629,0.885,102,High
2004,Italy,82,0.841,34.053,5,0.870291667,1.629,0.885,102,High
2005,Italy,82,0.848,34.463,5,0.871958333,1.629,0.887,102,High
2006,Italy,82,0.858,34.842,5,0.874458333,1.629,0.902,102,High
2007,Italy,82,0.865,34.986,5,0.878416667,1.629,0.904,103,High
2008,Italy,82,0.857,34.877,5,0.881166667,1.629,0.912,103,High
2009,Italy,82,0.855,34.023,5,0.883125,1.629,0.911,104,High
2010,Italy,82,0.854,33.773,5,0.884375,1.629,0.914,103,High
2011,Italy,82,0.86,33.587,5,0.883666667,1.967,0.92,103,High
2012,Italy,82,0.87,32.873,5,0.883958333,1.967,0.917,102,High
2013,Italy,82,0.866,32.152,5,0.879083333,1.862,0.926,103,High
2014,Italy,82,0.867,31.934,5,0.877583333,1.862,0.926,102,High
1990,Jordan,83,0.222,4.694,3,0.182714286,NA,0.499,51,Medium
1991,Jordan,83,0.223,4.499,3,0.1921,NA,0.499,50,Low
1992,Jordan,83,0.232,4.595,3,0.1906,NA,0.499,49,Low
1993,Jordan,83,0.238,4.625,3,0.1949,NA,0.507,50,Low
1994,Jordan,83,0.231,4.675,3,0.20005,NA,0.507,52,Medium
1995,Jordan,83,0.231,4.746,3,0.20005,NA,0.507,53,Medium
1996,Jordan,83,0.231,4.738,3,0.2232,NA,0.507,53,Medium
1997,Jordan,83,0.228,4.804,3,0.22805,NA,0.499,54,Medium
1998,Jordan,83,0.228,4.911,3,0.2291,NA,0.496,54,Medium
1999,Jordan,83,0.226,4.997,3,0.2315,NA,0.506,56,Medium
2000,Jordan,83,0.189,5.13,3,0.23545,-1.476,0.539,58,Medium
2001,Jordan,83,0.188,5.347,3,0.2408,-1.476,0.539,58,Medium
2002,Jordan,83,0.188,5.557,3,0.2485,-1.476,0.539,59,Medium
2003,Jordan,83,0.211,5.772,3,0.2582,-1.476,0.539,59,Medium
2004,Jordan,83,0.231,6.169,3,0.26205,-1.476,0.565,61,Medium
2005,Jordan,83,0.231,6.557,3,0.2681,-1.476,0.565,61,Medium
2006,Jordan,83,0.232,6.984,3,0.27665,-1.476,0.565,62,Medium
2007,Jordan,83,0.232,7.391,3,0.26347619,-1.476,0.571,62,Medium
2008,Jordan,83,0.236,7.852,3,0.255904762,-1.476,0.571,66,Medium
2009,Jordan,83,0.237,8.183,3,0.255666667,-1.476,0.571,66,Medium
2010,Jordan,83,0.243,8.219,3,0.254619048,-1.476,0.612,66,Medium
2011,Jordan,83,0.249,8.227,3,0.266190476,-1.921,0.621,67,Medium
2012,Jordan,83,0.248,8.114,3,0.301238095,-1.49,0.621,66,Medium
2013,Jordan,83,0.256,7.978,3,0.302190476,-1.49,0.629,67,Medium
2014,Jordan,83,0.257,7.877,3,0.282619048,-1.49,0.625,64,Medium
1991,Latvia,84,0.6,13.213,1,0.473461538,NA,NA,9,Low
1992,Latvia,84,0.682,10.864,1,0.499296296,NA,NA,23,Low
1993,Latvia,84,0.75,9.716,1,0.530535714,NA,0.906,29,Low
1994,Latvia,84,0.797,9.259,1,0.52825,NA,0.914,34,Low
1995,Latvia,84,0.801,9.027,1,0.526607143,NA,0.893,39,Low
1996,Latvia,84,0.797,9.227,1,0.523571429,NA,0.893,39,Low
1997,Latvia,84,0.813,9.804,1,0.5335,NA,0.893,40,Low
1998,Latvia,84,0.812,10.479,1,0.530103448,NA,0.92,42,Low
1999,Latvia,84,0.81,11.039,1,0.525133333,NA,0.92,44,Low
2000,Latvia,84,0.81,11.744,1,0.529366667,2.081,0.92,45,Low
2001,Latvia,84,0.81,12.574,1,0.531666667,2.081,0.92,45,Low
2002,Latvia,84,0.809,13.425,1,0.545966667,2.081,0.923,47,Low
2003,Latvia,84,0.817,14.452,1,0.550833333,2.081,0.929,47,Low
2004,Latvia,84,0.817,15.687,1,0.5523,2.081,0.934,57,Medium
2005,Latvia,84,0.817,17.254,1,0.554366667,2.081,0.934,60,Medium
2006,Latvia,84,0.805,18.995,1,0.556466667,2.081,0.931,61,Medium
2007,Latvia,84,0.773,20.556,1,0.5545,2.081,0.932,64,Medium
2008,Latvia,84,0.773,20.685,1,0.551666667,2.081,0.932,65,Medium
2009,Latvia,84,0.775,19.339,1,0.556866667,2.081,0.935,65,Medium
2010,Latvia,84,0.781,19.146,1,0.561766667,2.081,0.938,67,Medium
2011,Latvia,84,0.806,20.097,1,0.5646,2.081,0.942,66,Medium
2012,Latvia,84,0.813,21.045,1,0.5606,2.081,0.944,67,Medium
2013,Latvia,84,0.825,21.749,1,0.5531,2.081,0.949,68,Medium
2014,Latvia,84,0.829,22.549,1,0.5505,2.081,0.94,67,Medium
1990,Lesotho,85,0.156,1.566,4,0.229020408,NA,0.53,42,Low
1991,Lesotho,85,0.158,1.605,4,0.26592,NA,0.567,42,Low
1992,Lesotho,85,0.158,1.649,4,0.30298,NA,0.571,43,Low
1993,Lesotho,85,0.503,1.702,4,0.33768,NA,0.68,43,Low
1994,Lesotho,85,0.472,1.754,4,0.34814,NA,0.674,46,Low
1995,Lesotho,85,0.314,1.794,4,0.3631,NA,0.677,46,Low
1996,Lesotho,85,0.314,1.858,4,0.36504,NA,0.677,46,Low
1997,Lesotho,85,0.314,1.9,4,0.36898,NA,0.677,44,Low
1998,Lesotho,85,0.373,1.905,4,0.37242,NA,0.671,44,Low
1999,Lesotho,85,0.317,1.93,4,0.36896,NA,0.672,44,Low
2000,Lesotho,85,0.317,1.975,4,0.37548,0.077,0.691,44,Low
2001,Lesotho,85,0.317,2.043,4,0.3784,0.077,0.691,44,Low
2002,Lesotho,85,0.503,2.075,4,0.38958,0.077,0.726,48,Low
2003,Lesotho,85,0.624,2.139,4,0.401,0.077,0.741,45,Low
2004,Lesotho,85,0.624,2.192,4,0.40568,0.077,0.729,46,Low
2005,Lesotho,85,0.624,2.26,4,0.41424,0.077,0.736,46,Low
2006,Lesotho,85,0.624,2.333,4,0.4292,0.077,0.745,46,Low
2007,Lesotho,85,0.579,2.419,4,0.43482,0.077,0.777,48,Low
2008,Lesotho,85,0.572,2.532,4,0.4316,0.077,0.777,49,Low
2009,Lesotho,85,0.572,2.576,4,0.42536,0.077,0.777,51,Medium
2010,Lesotho,85,0.578,2.639,4,0.42482,0.077,0.803,52,Medium
2011,Lesotho,85,0.582,2.727,4,0.430411765,0.077,0.803,51,Medium
2012,Lesotho,85,0.589,2.84,4,0.425352941,0.077,0.804,52,Medium
2013,Lesotho,85,0.626,2.943,4,0.425372549,0.077,0.798,53,Medium
2014,Lesotho,85,0.628,3.053,4,0.43772549,0.077,0.8,53,Medium
1990,Liberia,86,0.168,0.96,4,0.229020408,NA,0.463,48,Low
1991,Liberia,86,0.202,0.747,4,0.26592,NA,0.551,48,Low
1992,Liberia,86,0.202,0.53,4,0.30298,NA,0.551,47,Low
1993,Liberia,86,0.206,0.383,4,0.33768,NA,0.554,48,Low
1994,Liberia,86,0.172,0.307,4,0.34814,NA,0.557,48,Low
1995,Liberia,86,0.169,0.286,4,0.3631,NA,0.534,49,Low
1996,Liberia,86,0.153,0.309,4,0.36504,NA,0.484,50,Low
1997,Liberia,86,0.243,0.429,4,0.36898,NA,0.484,50,Low
1998,Liberia,86,0.354,0.543,4,0.37242,NA,0.484,50,Low
1999,Liberia,86,0.35,0.678,4,0.36896,NA,0.484,49,Low
2000,Liberia,86,0.349,0.909,4,0.37548,1.489,0.512,51,Medium
2001,Liberia,86,0.345,0.988,4,0.3784,1.489,0.512,50,Low
2002,Liberia,86,0.345,0.998,4,0.38958,1.489,0.511,52,Medium
2003,Liberia,86,0.307,0.813,4,0.401,1.489,0.511,51,Medium
2004,Liberia,86,0.241,0.794,4,0.40568,1.489,0.755,52,Medium
2005,Liberia,86,0.277,0.804,4,0.41424,1.489,0.843,51,Medium
2006,Liberia,86,0.65,0.841,4,0.4292,1.489,0.853,50,Low
2007,Liberia,86,0.662,0.888,4,0.43482,1.489,0.853,51,Medium
2008,Liberia,86,0.662,0.923,4,0.4316,1.489,0.853,53,Medium
2009,Liberia,86,0.66,0.948,4,0.42536,1.489,0.853,54,Medium
2010,Liberia,86,0.672,0.975,4,0.42482,1.489,0.858,54,Medium
2011,Liberia,86,0.667,0.998,4,0.430411765,1.489,0.855,54,Medium
2012,Liberia,86,0.647,1.034,4,0.425352941,1.489,0.855,55,Medium
2013,Liberia,86,0.621,1.078,4,0.425372549,1.489,0.837,56,Medium
2014,Liberia,86,0.615,1.1,4,0.43772549,1.489,0.834,54,Medium
1990,Malawi,87,0.168,1.011,4,0.229020408,NA,0.292,45,Low
1991,Malawi,87,0.168,1.018,4,0.26592,NA,0.292,47,Low
1992,Malawi,87,0.189,0.977,4,0.30298,NA,0.304,47,Low
1993,Malawi,87,0.254,1.005,4,0.33768,NA,0.358,47,Low
1994,Malawi,87,0.46,1.005,4,0.34814,NA,0.453,48,Low
1995,Malawi,87,0.563,1.059,4,0.3631,NA,0.606,48,Low
1996,Malawi,87,0.561,1.094,4,0.36504,NA,0.606,49,Low
1997,Malawi,87,0.561,1.119,4,0.36898,NA,0.606,50,Low
1998,Malawi,87,0.561,1.096,4,0.37242,NA,0.614,50,Low
1999,Malawi,87,0.507,1.077,4,0.36896,NA,0.639,50,Low
2000,Malawi,87,0.474,1.047,4,0.37548,1.023,0.684,51,Medium
2001,Malawi,87,0.474,1.007,4,0.3784,1.023,0.715,49,Low
2002,Malawi,87,0.474,1.016,4,0.38958,1.023,0.718,53,Medium
2003,Malawi,87,0.474,1.036,4,0.401,1.023,0.723,50,Low
2004,Malawi,87,0.455,1.07,4,0.40568,1.023,0.75,50,Low
2005,Malawi,87,0.44,1.087,4,0.41424,1.023,0.746,50,Low
2006,Malawi,87,0.445,1.112,4,0.4292,1.023,0.746,51,Medium
2007,Malawi,87,0.445,1.18,4,0.43482,1.023,0.746,51,Medium
2008,Malawi,87,0.445,1.218,4,0.4316,0.749,0.746,52,Medium
2009,Malawi,87,0.494,1.216,4,0.42536,0.749,0.774,54,Medium
2010,Malawi,87,0.518,1.228,4,0.42482,0.749,0.771,54,Medium
2011,Malawi,87,0.515,1.242,4,0.430411765,0.749,0.778,53,Medium
2012,Malawi,87,0.536,1.217,4,0.425352941,0.749,0.782,54,Medium
2013,Malawi,87,0.556,1.228,4,0.425372549,0.749,0.788,58,Medium
2014,Malawi,87,0.538,1.235,4,0.43772549,0.749,0.753,57,Medium
1990,Maldives,88,0.169,5.133,6,0.321357143,NA,0.489,33,Low
1991,Maldives,88,0.161,5.43,6,0.325642857,NA,0.47,33,Low
1992,Maldives,88,0.161,5.709,6,0.337857143,NA,0.47,33,Low
1993,Maldives,88,0.161,5.986,6,0.356714286,NA,0.47,33,Low
1994,Maldives,88,0.158,6.348,6,0.360178571,NA,0.451,34,Low
1995,Maldives,88,0.16,6.797,6,0.362964286,NA,0.451,36,Low
1996,Maldives,88,0.16,7.226,6,0.362714286,NA,0.451,35,Low
1997,Maldives,88,0.16,7.708,6,0.378107143,NA,0.451,35,Low
1998,Maldives,88,0.161,8.133,6,0.385428571,NA,0.451,35,Low
1999,Maldives,88,0.158,8.466,6,0.393392857,NA,0.449,35,Low
2000,Maldives,88,0.16,8.717,6,0.38625,-0.529,0.5,35,Low
2001,Maldives,88,0.161,8.712,6,0.382964286,-0.529,0.5,37,Low
2002,Maldives,88,0.162,9.087,6,0.406392857,-0.529,0.5,37,Low
2003,Maldives,88,0.172,9.675,6,0.417714286,-0.529,0.503,37,Low
2004,Maldives,88,0.178,10.065,6,0.417178571,-0.529,0.499,38,Low
2005,Maldives,88,0.289,9.914,6,0.419071429,-0.529,0.585,38,Low
2006,Maldives,88,0.306,10.936,6,0.402428571,-0.529,0.581,39,Low
2007,Maldives,88,0.311,11.69,6,0.388678571,-0.529,0.581,39,Low
2008,Maldives,88,0.473,12.061,6,0.424071429,-0.014,0.621,40,Low
2009,Maldives,88,0.619,11.677,6,0.445964286,-0.014,0.603,42,Low
2010,Maldives,88,0.617,11.82,6,0.450071429,-0.014,0.618,43,Low
2011,Maldives,88,0.614,12.173,6,0.456,-0.014,0.618,45,Low
2012,Maldives,88,0.552,12.383,6,0.452357143,-1.382,0.606,46,Low
2013,Maldives,88,0.45,12.633,6,0.439892857,-1.382,0.522,46,Low
2014,Maldives,88,0.409,13.004,6,0.435928571,-0.971,0.514,45,Low
1990,Mongolia,89,0.39,3.017,1,0.479782609,NA,0.47,18,Low
1991,Mongolia,89,0.571,2.734,1,0.473461538,NA,0.515,27,Low
1992,Mongolia,89,0.682,2.5,1,0.499296296,NA,0.724,28,Low
1993,Mongolia,89,0.714,2.354,1,0.530535714,NA,0.761,28,Low
1994,Mongolia,89,0.714,2.392,1,0.52825,NA,0.81,30,Low
1995,Mongolia,89,0.714,2.558,1,0.526607143,NA,0.81,30,Low
1996,Mongolia,89,0.717,2.587,1,0.523571429,NA,0.833,32,Low
1997,Mongolia,89,0.725,2.654,1,0.5335,NA,0.833,35,Low
1998,Mongolia,89,0.725,2.712,1,0.530103448,NA,0.833,37,Low
1999,Mongolia,89,0.725,2.798,1,0.525133333,NA,0.833,37,Low
2000,Mongolia,89,0.688,2.923,1,0.529366667,1.165,0.84,38,Low
2001,Mongolia,89,0.671,3.071,1,0.531666667,1.165,0.84,39,Low
2002,Mongolia,89,0.68,3.27,1,0.545966667,1.165,0.84,43,Low
2003,Mongolia,89,0.68,3.543,1,0.550833333,1.165,0.842,44,Low
2004,Mongolia,89,0.682,3.912,1,0.5523,1.165,0.813,46,Low
2005,Mongolia,89,0.681,4.334,1,0.554366667,1.165,0.813,47,Low
2006,Mongolia,89,0.692,4.774,1,0.556466667,1.165,0.818,48,Low
2007,Mongolia,89,0.692,5.207,1,0.5545,1.165,0.818,48,Low
2008,Mongolia,89,0.673,5.517,1,0.551666667,1.165,0.813,50,Low
2009,Mongolia,89,0.674,5.648,1,0.556866667,1.165,0.812,51,Medium
2010,Mongolia,89,0.684,6.046,1,0.561766667,1.094,0.814,51,Medium
2011,Mongolia,89,0.689,6.818,1,0.5646,1.094,0.815,52,Medium
2012,Mongolia,89,0.688,7.597,1,0.5606,0.552,0.862,51,Medium
2013,Mongolia,89,0.688,8.169,1,0.5531,0.552,0.855,53,Medium
2014,Mongolia,89,0.693,8.583,1,0.5505,0.552,0.848,52,Medium
1990,Morocco,90,0.17,4.415,3,0.182714286,NA,0.342,70,Medium
1991,Morocco,90,0.171,4.522,3,0.1921,NA,0.371,71,High
1992,Morocco,90,0.187,4.476,3,0.1906,NA,0.372,70,Medium
1993,Morocco,90,0.192,4.466,3,0.1949,NA,0.377,73,High
1994,Morocco,90,0.194,4.643,3,0.20005,NA,0.377,76,High
1995,Morocco,90,0.194,4.625,3,0.20005,NA,0.377,78,High
1996,Morocco,90,0.194,4.862,3,0.2232,NA,0.377,77,High
1997,Morocco,90,0.204,4.854,3,0.22805,NA,0.385,77,High
1998,Morocco,90,0.217,4.935,3,0.2291,NA,0.42,80,High
1999,Morocco,90,0.219,4.913,3,0.2315,NA,0.441,82,High
2000,Morocco,90,0.241,4.906,3,0.23545,-0.584,0.52,82,High
2001,Morocco,90,0.242,5.029,3,0.2408,-0.584,0.558,81,High
2002,Morocco,90,0.246,5.123,3,0.2485,-0.584,0.651,81,High
2003,Morocco,90,0.254,5.266,3,0.2582,-0.584,0.651,81,High
2004,Morocco,90,0.254,5.366,3,0.26205,-0.584,0.651,79,High
2005,Morocco,90,0.263,5.468,3,0.2681,-0.584,0.666,81,High
2006,Morocco,90,0.261,5.737,3,0.27665,-0.584,0.667,81,High
2007,Morocco,90,0.264,5.909,3,0.26347619,-0.584,0.664,83,High
2008,Morocco,90,0.256,6.249,3,0.255904762,-0.584,0.663,85,High
2009,Morocco,90,0.258,6.52,3,0.255666667,-0.584,0.661,85,High
2010,Morocco,90,0.26,6.748,3,0.254619048,-0.584,0.663,86,High
2011,Morocco,90,0.264,7.041,3,0.266190476,-0.584,0.71,83,High
2012,Morocco,90,0.266,7.16,3,0.301238095,-0.584,0.718,81,High
2013,Morocco,90,0.271,7.332,3,0.302190476,-0.584,0.678,83,High
2014,Morocco,90,0.271,7.413,3,0.282619048,-0.584,0.678,80,High
1990,Netherlands,91,0.863,29.415,5,0.860625,NA,0.911,106,High
1991,Netherlands,91,0.863,30.032,5,0.862333333,NA,0.911,105,High
1992,Netherlands,91,0.863,30.424,5,0.86475,NA,0.911,108,High
1993,Netherlands,91,0.863,30.895,5,0.865791667,NA,0.917,104,High
1994,Netherlands,91,0.861,31.709,5,0.86575,NA,0.929,106,High
1995,Netherlands,91,0.861,32.581,5,0.865875,NA,0.93,107,High
1996,Netherlands,91,0.861,33.735,5,0.867791667,NA,0.93,105,High
1997,Netherlands,91,0.856,35.118,5,0.867791667,NA,0.93,105,High
1998,Netherlands,91,0.848,36.7,5,0.867,NA,0.931,108,High
1999,Netherlands,91,0.865,38.352,5,0.868458333,NA,0.931,105,High
2000,Netherlands,91,0.856,39.959,5,0.870625,2.152,0.932,103,High
2001,Netherlands,91,0.856,40.518,5,0.869125,2.152,0.932,104,High
2002,Netherlands,91,0.852,41.193,5,0.86925,2.152,0.931,103,High
2003,Netherlands,91,0.861,41.056,5,0.870166667,2.152,0.932,103,High
2004,Netherlands,91,0.862,41.615,5,0.870291667,2.152,0.932,104,High
2005,Netherlands,91,0.862,42.485,5,0.871958333,2.152,0.932,106,High
2006,Netherlands,91,0.866,44.104,5,0.874458333,2.152,0.932,107,High
2007,Netherlands,91,0.872,45.381,5,0.878416667,2.152,0.932,108,High
2008,Netherlands,91,0.872,45.883,5,0.881166667,2.152,0.932,108,High
2009,Netherlands,91,0.872,45.115,5,0.883125,2.152,0.932,109,High
2010,Netherlands,91,0.873,44.953,5,0.884375,2.152,0.93,108,High
2011,Netherlands,91,0.874,44.839,5,0.883666667,2.152,0.93,107,High
2012,Netherlands,91,0.869,44.766,5,0.883958333,2.152,0.93,106,High
2013,Netherlands,91,0.871,44.862,5,0.879083333,2.152,0.913,109,High
2014,Netherlands,91,0.879,45.137,5,0.877583333,2.152,0.913,107,High
1990,Panama,92,0.308,7.391,2,0.55928,NA,0.712,59,Medium
1991,Panama,92,0.691,7.849,2,0.57996,NA,0.712,60,Medium
1992,Panama,92,0.707,8.258,2,0.5848,NA,0.709,59,Medium
1993,Panama,92,0.711,8.586,2,0.59928,NA,0.709,59,Medium
1994,Panama,92,0.711,8.709,2,0.60964,NA,0.72,63,Medium
1995,Panama,92,0.715,8.79,2,0.61876,NA,0.72,63,Medium
1996,Panama,92,0.715,8.964,2,0.63376,NA,0.72,66,Medium
1997,Panama,92,0.715,9.364,2,0.64032,NA,0.72,66,Medium
1998,Panama,92,0.702,9.809,2,0.64624,NA,0.72,68,Medium
1999,Panama,92,0.704,10.054,2,0.6428,NA,0.729,69,Medium
2000,Panama,92,0.731,10.171,2,0.6508,1.635,0.752,70,Medium
2001,Panama,92,0.739,10.271,2,0.66144,1.635,0.752,74,High
2002,Panama,92,0.739,10.437,2,0.66508,1.635,0.752,75,High
2003,Panama,92,0.739,10.899,2,0.66888,1.635,0.752,76,High
2004,Panama,92,0.739,11.45,2,0.66472,1.635,0.796,77,High
2005,Panama,92,0.739,12.202,2,0.66496,1.635,0.796,78,High
2006,Panama,92,0.739,12.956,2,0.66556,1.635,0.796,77,High
2007,Panama,92,0.739,13.671,2,0.66224,1.635,0.796,77,High
2008,Panama,92,0.739,14.48,2,0.66204,1.635,0.796,78,High
2009,Panama,92,0.742,15.041,2,0.66192,1.028,0.755,79,High
2010,Panama,92,0.744,15.808,2,0.65984,1.028,0.755,78,High
2011,Panama,92,0.744,16.979,2,0.65932,1.028,0.755,79,High
2012,Panama,92,0.744,18.385,2,0.65672,1.028,0.755,80,High
2013,Panama,92,0.75,19.683,2,0.64816,1.028,0.762,81,High
2014,Panama,92,0.744,20.7,2,0.64972,1.028,0.8,80,High
1990,Qatar,94,0.017,30.724,3,0.182714286,NA,NA,48,Low
1991,Qatar,94,0.017,30.107,3,0.1921,NA,NA,48,Low
1992,Qatar,94,0.017,31.074,3,0.1906,NA,NA,47,Low
1993,Qatar,94,0.017,31.036,3,0.1949,NA,NA,47,Low
1994,Qatar,94,0.018,31.578,3,0.20005,NA,NA,49,Low
1995,Qatar,94,0.018,32.922,3,0.20005,NA,NA,48,Low
1996,Qatar,94,0.019,35.351,3,0.2232,NA,NA,49,Low
1997,Qatar,94,0.019,40.574,3,0.22805,NA,NA,51,Medium
1998,Qatar,94,0.018,44.601,3,0.2291,NA,NA,51,Medium
1999,Qatar,94,0.018,50.617,3,0.2315,NA,NA,52,Medium
2000,Qatar,94,0.02,58.925,3,0.23545,-1.635,NA,54,Medium
2001,Qatar,94,0.02,62.616,3,0.2408,-1.635,NA,53,Medium
2002,Qatar,94,0.02,65.921,3,0.2485,-1.635,NA,55,Medium
2003,Qatar,94,0.042,70.807,3,0.2582,-1.635,NA,55,Medium
2004,Qatar,94,0.042,76.865,3,0.26205,-1.635,NA,54,Medium
2005,Qatar,94,0.042,80.794,3,0.2681,-1.635,NA,55,Medium
2006,Qatar,94,0.042,85.872,3,0.27665,-1.635,0.306,55,Medium
2007,Qatar,94,0.042,88.739,3,0.26347619,-1.635,0.319,55,Medium
2008,Qatar,94,0.042,91.469,3,0.255904762,-1.635,0.319,57,Medium
2009,Qatar,94,0.042,89.606,3,0.255666667,-1.635,0.319,57,Medium
2010,Qatar,94,0.042,94.4,3,0.254619048,-1.635,0.323,57,Medium
2011,Qatar,94,0.044,100.329,3,0.266190476,-1.635,0.317,57,Medium
2012,Qatar,94,0.043,100.865,3,0.301238095,-1.635,0.323,60,Medium
2013,Qatar,94,0.043,98.917,3,0.302190476,-1.635,0.294,61,Medium
2014,Qatar,94,0.043,95.278,3,0.282619048,-1.635,0.299,57,Medium
1990,Sierra Leone,95,0.195,1.544,4,0.229020408,NA,0.275,52,Medium
1991,Sierra Leone,95,0.196,1.503,4,0.26592,NA,0.313,52,Medium
1992,Sierra Leone,95,0.145,1.412,4,0.30298,NA,0.324,51,Medium
1993,Sierra Leone,95,0.144,1.418,4,0.33768,NA,0.324,54,Medium
1994,Sierra Leone,95,0.155,1.428,4,0.34814,NA,0.324,55,Medium
1995,Sierra Leone,95,0.158,1.348,4,0.3631,NA,0.325,57,Medium
1996,Sierra Leone,95,0.285,1.224,4,0.36504,NA,0.382,55,Medium
1997,Sierra Leone,95,0.295,1.106,4,0.36898,NA,0.409,58,Medium
1998,Sierra Leone,95,0.219,1.043,4,0.37242,NA,0.408,58,Medium
1999,Sierra Leone,95,0.23,0.965,4,0.36896,NA,0.408,57,Medium
2000,Sierra Leone,95,0.231,0.987,4,0.37548,1.309,0.423,57,Medium
2001,Sierra Leone,95,0.231,1.03,4,0.3784,1.309,0.423,56,Medium
2002,Sierra Leone,95,0.302,1.13,4,0.38958,1.309,0.604,62,Medium
2003,Sierra Leone,95,0.567,1.174,4,0.401,1.309,0.682,60,Medium
2004,Sierra Leone,95,0.565,1.195,4,0.40568,1.309,0.685,59,Medium
2005,Sierra Leone,95,0.565,1.201,4,0.41424,1.309,0.685,59,Medium
2006,Sierra Leone,95,0.565,1.222,4,0.4292,1.309,0.688,59,Medium
2007,Sierra Leone,95,0.546,1.265,4,0.43482,1.309,0.695,58,Medium
2008,Sierra Leone,95,0.515,1.298,4,0.4316,1.309,0.7,60,Medium
2009,Sierra Leone,95,0.516,1.337,4,0.42536,1.309,0.7,61,Medium
2010,Sierra Leone,95,0.516,1.377,4,0.42482,1.309,0.721,62,Medium
2011,Sierra Leone,95,0.516,1.456,4,0.430411765,1.309,0.721,62,Medium
2012,Sierra Leone,95,0.508,1.615,4,0.425352941,1.309,0.719,64,Medium
2013,Sierra Leone,95,0.513,1.789,4,0.425372549,1.309,0.771,66,Medium
2014,Sierra Leone,95,0.513,1.79,4,0.43772549,1.309,0.771,65,Medium
1990,Spain,96,0.89,21.832,5,0.860625,NA,0.89,98,High
1991,Spain,96,0.89,22.493,5,0.862333333,NA,0.89,98,High
1992,Spain,96,0.89,22.83,5,0.86475,NA,0.89,101,High
1993,Spain,96,0.892,22.935,5,0.865791667,NA,0.895,97,High
1994,Spain,96,0.893,23.416,5,0.86575,NA,0.895,99,High
1995,Spain,96,0.893,24.113,5,0.865875,NA,0.895,100,High
1996,Spain,96,0.891,24.807,5,0.867791667,NA,0.912,99,High
1997,Spain,96,0.891,25.676,5,0.867791667,NA,0.912,100,High
1998,Spain,96,0.891,26.95,5,0.867,NA,0.912,105,High
1999,Spain,96,0.891,28.094,5,0.868458333,NA,0.912,102,High
2000,Spain,96,0.89,29.316,5,0.870625,1.437,0.934,102,High
2001,Spain,96,0.889,30.007,5,0.869125,1.437,0.934,102,High
2002,Spain,96,0.889,30.628,5,0.86925,1.437,0.934,99,High
2003,Spain,96,0.871,31.224,5,0.870166667,1.437,0.934,101,High
2004,Spain,96,0.873,31.752,5,0.870291667,1.437,0.939,101,High
2005,Spain,96,0.876,32.558,5,0.871958333,1.437,0.939,102,High
2006,Spain,96,0.872,33.424,5,0.874458333,1.437,0.943,102,High
2007,Spain,96,0.873,34.029,5,0.878416667,1.437,0.943,105,High
2008,Spain,96,0.886,33.854,5,0.881166667,1.437,0.944,105,High
2009,Spain,96,0.889,32.997,5,0.883125,1.437,0.944,106,High
2010,Spain,96,0.891,32.422,5,0.884375,1.437,0.943,107,High
2011,Spain,96,0.89,31.951,5,0.883666667,1.437,0.943,107,High
2012,Spain,96,0.888,31.267,5,0.883958333,1.437,0.94,106,High
2013,Spain,96,0.87,30.961,5,0.879083333,1.437,0.947,105,High
2014,Spain,96,0.871,31.508,5,0.877583333,1.297,0.948,104,High
1990,Syria,97,0.146,3.139,3,0.182714286,NA,0.415,58,Medium
1991,Syria,97,0.146,3.122,3,0.1921,NA,0.418,58,Medium
1992,Syria,97,0.145,3.185,3,0.1906,NA,0.418,56,Medium
1993,Syria,97,0.145,3.201,3,0.1949,NA,0.418,57,Medium
1994,Syria,97,0.146,3.207,3,0.20005,NA,0.425,57,Medium
1995,Syria,97,0.147,3.25,3,0.20005,NA,0.425,57,Medium
1996,Syria,97,0.147,3.278,3,0.2232,NA,0.425,58,Medium
1997,Syria,97,0.147,3.347,3,0.22805,NA,0.425,58,Medium
1998,Syria,97,0.146,3.472,3,0.2291,NA,0.431,58,Medium
1999,Syria,97,0.145,3.507,3,0.2315,NA,0.431,58,Medium
2000,Syria,97,0.152,3.686,3,0.23545,-2.176,0.451,58,Medium
2001,Syria,97,0.154,3.874,3,0.2408,-2.176,0.451,57,Medium
2002,Syria,97,0.152,4.175,3,0.2485,-2.176,0.443,56,Medium
2003,Syria,97,0.153,4.499,3,0.2582,-2.176,0.453,55,Medium
2004,Syria,97,0.153,4.976,3,0.26205,-2.176,0.453,56,Medium
2005,Syria,97,0.15,5.457,3,0.2681,-2.176,0.44,56,Medium
2006,Syria,97,0.151,5.597,3,0.27665,-2.176,0.44,56,Medium
2007,Syria,97,0.148,5.684,3,0.26347619,-2.387,0.44,56,Medium
2008,Syria,97,0.147,5.753,3,0.255904762,-2.387,0.443,58,Medium
2009,Syria,97,0.147,5.795,3,0.255666667,-2.387,0.443,58,Medium
2010,Syria,97,0.147,5.816,3,0.254619048,-2.387,0.437,59,Medium
2011,Syria,97,0.148,5.589,3,0.266190476,-1.749,0.425,59,Medium
2012,Syria,97,0.146,4.943,3,0.301238095,-1.854,0.41,60,Medium
2013,Syria,97,0.137,4.362,3,0.302190476,-1.631,0.354,60,Medium
2014,Syria,97,0.139,4.017,3,0.282619048,-1.888,0.341,57,Medium
1990,Tunisia,98,0.13,5.647,3,0.182714286,NA,0.604,76,High
1991,Tunisia,98,0.195,5.843,3,0.1921,NA,0.604,75,High
1992,Tunisia,98,0.196,6.148,3,0.1906,NA,0.604,74,High
1993,Tunisia,98,0.192,6.334,3,0.1949,NA,0.604,78,High
1994,Tunisia,98,0.189,6.536,3,0.20005,NA,0.619,81,High
1995,Tunisia,98,0.187,6.77,3,0.20005,NA,0.619,83,High
1996,Tunisia,98,0.187,7.151,3,0.2232,NA,0.619,82,High
1997,Tunisia,98,0.187,7.407,3,0.22805,NA,0.619,84,High
1998,Tunisia,98,0.187,7.561,3,0.2291,NA,0.619,85,High
1999,Tunisia,98,0.188,7.803,3,0.2315,NA,0.646,85,High
2000,Tunisia,98,0.189,8.033,3,0.23545,-2.903,0.647,87,High
2001,Tunisia,98,0.189,8.186,3,0.2408,-2.903,0.647,86,High
2002,Tunisia,98,0.191,8.314,3,0.2485,-2.903,0.647,87,High
2003,Tunisia,98,0.191,8.537,3,0.2582,-2.903,0.647,86,High
2004,Tunisia,98,0.188,8.801,3,0.26205,-2.903,0.694,83,High
2005,Tunisia,98,0.189,9.061,3,0.2681,-2.903,0.694,83,High
2006,Tunisia,98,0.189,9.431,3,0.27665,-2.903,0.692,82,High
2007,Tunisia,98,0.19,9.817,3,0.26347619,-2.903,0.692,83,High
2008,Tunisia,98,0.19,10.192,3,0.255904762,-2.903,0.692,85,High
2009,Tunisia,98,0.19,10.438,3,0.255666667,-2.903,0.712,85,High
2010,Tunisia,98,0.193,10.612,3,0.254619048,-2.903,0.705,85,High
2011,Tunisia,98,0.328,10.485,3,0.266190476,0.98,0.759,84,High
2012,Tunisia,98,0.769,10.603,3,0.301238095,1.467,0.863,84,High
2013,Tunisia,98,0.763,10.66,3,0.302190476,1.467,0.842,87,High
2014,Tunisia,98,0.745,10.748,3,0.282619048,1.467,0.826,85,High
1990,Turkey,99,0.524,9.969,3,0.182714286,NA,NA,64,Medium
1991,Turkey,99,0.524,10.05,3,0.1921,NA,NA,66,Medium
1992,Turkey,99,0.543,10.339,3,0.1906,NA,NA,68,Medium
1993,Turkey,99,0.539,10.752,3,0.1949,NA,NA,69,Medium
1994,Turkey,99,0.543,10.481,3,0.20005,NA,NA,71,High
1995,Turkey,99,0.55,10.854,3,0.20005,NA,NA,72,High
1996,Turkey,99,0.559,11.471,3,0.2232,NA,NA,72,High
1997,Turkey,99,0.558,11.952,3,0.22805,NA,NA,75,High
1998,Turkey,99,0.554,12.031,3,0.2291,NA,NA,76,High
1999,Turkey,99,0.587,11.796,3,0.2315,NA,NA,75,High
2000,Turkey,99,0.606,11.969,3,0.23545,NA,NA,77,High
2001,Turkey,99,0.605,11.668,3,0.2408,NA,NA,77,High
2002,Turkey,99,0.651,12.012,3,0.2485,NA,NA,75,High
2003,Turkey,99,0.665,12.514,3,0.2582,NA,NA,77,High
2004,Turkey,99,0.677,13.409,3,0.26205,NA,NA,79,High
2005,Turkey,99,0.664,14.313,3,0.2681,NA,NA,79,High
2006,Turkey,99,0.664,15.246,3,0.27665,NA,NA,80,High
2007,Turkey,99,0.632,15.854,3,0.26347619,NA,NA,80,High
2008,Turkey,99,0.564,16.087,3,0.255904762,NA,NA,80,High
2009,Turkey,99,0.551,15.923,3,0.255666667,NA,NA,79,High
2010,Turkey,99,0.531,16.804,3,0.254619048,NA,NA,81,High
2011,Turkey,99,0.528,17.918,3,0.266190476,NA,NA,81,High
2012,Turkey,99,0.519,18.653,3,0.301238095,NA,NA,81,High
2013,Turkey,99,0.471,19.608,3,0.302190476,NA,NA,84,High
2014,Turkey,99,0.423,20.316,3,0.282619048,NA,NA,82,High
1991,Ukraine,100,0.435,10.516,1,0.473461538,NA,0.711,20,Low
1992,Ukraine,100,0.541,9.487,1,0.499296296,NA,0.716,29,Low
1993,Ukraine,100,0.542,8.041,1,0.530535714,NA,0.72,32,Low
1994,Ukraine,100,0.551,6.687,1,0.52825,NA,0.733,38,Low
1995,Ukraine,100,0.561,5.868,1,0.526607143,NA,0.743,41,Low
1996,Ukraine,100,0.546,5.358,1,0.523571429,NA,0.742,43,Low
1997,Ukraine,100,0.525,5.126,1,0.5335,NA,0.735,45,Low
1998,Ukraine,100,0.455,5.066,1,0.530103448,NA,0.768,50,Low
1999,Ukraine,100,0.433,5.132,1,0.525133333,NA,0.768,53,Medium
2000,Ukraine,100,0.386,5.372,1,0.529366667,1.137,0.768,54,Medium
2001,Ukraine,100,0.382,5.81,1,0.531666667,1.137,0.767,56,Medium
2002,Ukraine,100,0.388,6.277,1,0.545966667,1.137,0.748,56,Medium
2003,Ukraine,100,0.396,6.905,1,0.550833333,1.137,0.763,58,Medium
2004,Ukraine,100,0.38,7.625,1,0.5523,0.989,0.795,61,Medium
2005,Ukraine,100,0.456,8.25,1,0.554366667,1.259,0.837,61,Medium
2006,Ukraine,100,0.573,8.918,1,0.556466667,1.259,0.858,62,Medium
2007,Ukraine,100,0.604,9.615,1,0.5545,1.259,0.856,62,Medium
2008,Ukraine,100,0.611,9.808,1,0.551666667,1.454,0.854,64,Medium
2009,Ukraine,100,0.608,9.208,1,0.556866667,1.454,0.853,66,Medium
2010,Ukraine,100,0.491,9.292,1,0.561766667,0.872,0.834,67,Medium
2011,Ukraine,100,0.482,9.636,1,0.5646,0.872,0.828,66,Medium
2012,Ukraine,100,0.481,9.823,1,0.5606,0.872,0.834,66,Medium
2013,Ukraine,100,0.458,9.873,1,0.5531,0.872,0.843,68,Medium
2014,Ukraine,100,0.408,9.61,1,0.5505,0.671,0.808,68,Medium
1990,United Kingdom,101,0.822,26.67,5,0.860625,NA,0.81,103,High
1991,United Kingdom,101,0.822,26.527,5,0.862333333,NA,0.782,102,High
1992,United Kingdom,101,0.823,26.66,5,0.86475,NA,0.78,101,High
1993,United Kingdom,101,0.824,27.158,5,0.865791667,NA,0.78,97,High
1994,United Kingdom,101,0.824,28.01,5,0.86575,NA,0.792,98,High
1995,United Kingdom,101,0.824,28.941,5,0.865875,NA,0.792,99,High
1996,United Kingdom,101,0.824,29.747,5,0.867791667,NA,0.792,98,High
1997,United Kingdom,101,0.817,30.682,5,0.867791667,NA,0.85,99,High
1998,United Kingdom,101,0.82,31.689,5,0.867,NA,0.85,106,High
1999,United Kingdom,101,0.843,32.73,5,0.868458333,NA,0.869,102,High
2000,United Kingdom,101,0.857,33.767,5,0.870625,1.021,0.872,101,High
2001,United Kingdom,101,0.865,34.579,5,0.869125,1.021,0.865,103,High
2002,United Kingdom,101,0.864,34.953,5,0.86925,1.021,0.865,103,High
2003,United Kingdom,101,0.864,35.614,5,0.870166667,1.021,0.865,103,High
2004,United Kingdom,101,0.864,36.214,5,0.870291667,1.021,0.862,104,High
2005,United Kingdom,101,0.867,36.981,5,0.871958333,1.021,0.895,105,High
2006,United Kingdom,101,0.87,37.58,5,0.874458333,1.021,0.895,105,High
2007,United Kingdom,101,0.87,37.788,5,0.878416667,1.021,0.895,104,High
2008,United Kingdom,101,0.87,37.268,5,0.881166667,1.021,0.895,104,High
2009,United Kingdom,101,0.87,36.201,5,0.883125,1.021,0.895,104,High
2010,United Kingdom,101,0.87,36.2,5,0.884375,1.021,0.895,103,High
2011,United Kingdom,101,0.871,36.313,5,0.883666667,1.021,0.897,102,High
2012,United Kingdom,101,0.872,36.75,5,0.883958333,1.021,0.912,101,High
2013,United Kingdom,101,0.867,37.249,5,0.879083333,1.021,0.903,106,High
2014,United Kingdom,101,0.867,37.991,5,0.877583333,0.867,0.904,104,High
1990,Algeria,103,0.351,8.501,3,0.182714286,NA,0.444,72,High
1991,Algeria,103,0.351,8.294,3,0.1921,NA,0.44,71,High
1992,Algeria,103,0.192,8.142,3,0.1906,NA,0.422,71,High
1993,Algeria,103,0.173,7.86,3,0.1949,NA,0.422,72,High
1994,Algeria,103,0.179,7.725,3,0.20005,NA,0.422,74,High
1995,Algeria,103,0.186,7.811,3,0.20005,NA,0.467,74,High
1996,Algeria,103,0.331,7.967,3,0.2232,NA,0.467,75,High
1997,Algeria,103,0.32,8.034,3,0.22805,NA,0.443,76,High
1998,Algeria,103,0.314,8.192,3,0.2291,NA,0.443,79,High
1999,Algeria,103,0.327,8.526,3,0.2315,NA,0.475,78,High
2000,Algeria,103,0.326,8.94,3,0.23545,-1.121,0.559,82,High
2001,Algeria,103,0.326,9.2,3,0.2408,-1.121,0.559,81,High
2002,Algeria,103,0.329,9.553,3,0.2485,-1.121,0.578,83,High
2003,Algeria,103,0.335,10.069,3,0.2582,-1.121,0.578,81,High
2004,Algeria,103,0.336,10.5,3,0.26205,-1.121,0.569,83,High
2005,Algeria,103,0.337,11.091,3,0.2681,-0.712,0.592,83,High
2006,Algeria,103,0.337,11.426,3,0.27665,-0.712,0.592,81,High
2007,Algeria,103,0.333,11.654,3,0.26347619,-0.712,0.592,81,High
2008,Algeria,103,0.33,11.814,3,0.255904762,-0.712,0.592,83,High
2009,Algeria,103,0.328,11.628,3,0.255666667,-0.712,0.609,83,High
2010,Algeria,103,0.325,12.027,3,0.254619048,-0.712,0.606,84,High
2011,Algeria,103,0.328,12.207,3,0.266190476,-0.712,0.609,82,High
2012,Algeria,103,0.327,12.232,3,0.301238095,-0.712,0.718,81,High
2013,Algeria,103,0.327,12.155,3,0.302190476,-0.712,0.769,83,High
2014,Algeria,103,0.326,12.193,3,0.282619048,-0.832,0.773,80,High
1990,Angola,104,0.076,3.048,4,0.229020408,NA,0.455,35,Low
1991,Angola,104,0.083,2.934,4,0.26592,NA,0.51,36,Low
1992,Angola,104,0.15,2.785,4,0.30298,NA,0.455,39,Low
1993,Angola,104,0.158,2.411,4,0.33768,NA,0.423,39,Low
1994,Angola,104,0.158,2.349,4,0.34814,NA,0.423,42,Low
1995,Angola,104,0.158,2.446,4,0.3631,NA,0.423,41,Low
1996,Angola,104,0.158,2.673,4,0.36504,NA,0.423,43,Low
1997,Angola,104,0.158,2.76,4,0.36898,NA,0.423,46,Low
1998,Angola,104,0.158,2.834,4,0.37242,NA,0.462,46,Low
1999,Angola,104,0.158,2.82,4,0.36896,NA,0.462,47,Low
2000,Angola,104,0.158,2.757,4,0.37548,1.3,0.462,49,Low
2001,Angola,104,0.16,2.814,4,0.3784,1.3,0.465,48,Low
2002,Angola,104,0.163,3.024,4,0.38958,1.3,0.59,51,Medium
2003,Angola,104,0.173,3.178,4,0.401,1.3,0.623,49,Low
2004,Angola,104,0.175,3.495,4,0.40568,1.3,0.62,51,Medium
2005,Angola,104,0.176,3.965,4,0.41424,1.3,0.622,50,Low
2006,Angola,104,0.176,4.522,4,0.4292,1.3,0.622,52,Medium
2007,Angola,104,0.176,5.035,4,0.43482,1.3,0.622,53,Medium
2008,Angola,104,0.189,5.443,4,0.4316,1.3,0.681,54,Medium
2009,Angola,104,0.222,5.478,4,0.42536,1.3,0.682,53,Medium
2010,Angola,104,0.222,5.815,4,0.42482,1.3,0.693,54,Medium
2011,Angola,104,0.311,6.228,4,0.430411765,1.3,0.692,52,Medium
2012,Angola,104,0.307,6.514,4,0.425352941,1.3,0.691,51,Medium
2013,Angola,104,0.309,6.678,4,0.425372549,1.3,0.693,53,Medium
2014,Angola,104,0.309,6.733,4,0.43772549,1.3,0.693,50,Low
1991,Armenia,105,0.613,4.678,1,0.473461538,NA,0.674,3,Low
1992,Armenia,105,0.614,3.518,1,0.499296296,NA,0.674,20,Low
1993,Armenia,105,0.607,3.153,1,0.530535714,NA,0.674,27,Low
1994,Armenia,105,0.589,3.121,1,0.52825,NA,0.674,31,Low
1995,Armenia,105,0.493,3.288,1,0.526607143,NA,0.689,32,Low
1996,Armenia,105,0.421,3.457,1,0.523571429,NA,0.689,32,Low
1997,Armenia,105,0.394,3.578,1,0.5335,NA,0.689,34,Low
1998,Armenia,105,0.405,3.717,1,0.530103448,NA,0.687,35,Low
1999,Armenia,105,0.42,3.872,1,0.525133333,NA,0.667,37,Low
2000,Armenia,105,0.418,4.112,1,0.529366667,1.859,0.667,38,Low
2001,Armenia,105,0.421,4.425,1,0.531666667,1.859,0.667,40,Low
2002,Armenia,105,0.413,4.79,1,0.545966667,1.859,0.668,40,Low
2003,Armenia,105,0.356,5.326,1,0.550833333,1.859,0.677,42,Low
2004,Armenia,105,0.346,5.88,1,0.5523,1.859,0.677,43,Low
2005,Armenia,105,0.346,6.615,1,0.554366667,1.859,0.677,44,Low
2006,Armenia,105,0.344,7.398,1,0.556466667,1.859,0.677,45,Low
2007,Armenia,105,0.354,8.196,1,0.5545,1.859,0.706,45,Low
2008,Armenia,105,0.32,8.612,1,0.551666667,0.807,0.707,47,Low
2009,Armenia,105,0.323,8.212,1,0.556866667,1.842,0.715,47,Low
2010,Armenia,105,0.336,8.371,1,0.561766667,1.842,0.723,47,Low
2011,Armenia,105,0.339,8.767,1,0.5646,1.354,0.723,47,Low
2012,Armenia,105,0.356,9.299,1,0.5606,1.354,0.734,47,Low
2013,Armenia,105,0.355,9.652,1,0.5531,1.354,0.739,48,Low
2014,Armenia,105,0.349,9.893,1,0.5505,1.354,0.739,48,Low
1991,Azerbaijan,106,0.183,7.53,1,0.473461538,NA,0.487,3,Low
1992,Azerbaijan,106,0.365,5.989,1,0.499296296,NA,0.547,21,Low
1993,Azerbaijan,106,0.309,4.624,1,0.530535714,NA,0.579,23,Low
1994,Azerbaijan,106,0.252,3.654,1,0.52825,NA,0.543,29,Low
1995,Azerbaijan,106,0.251,3.053,1,0.526607143,NA,0.607,38,Low
1996,Azerbaijan,106,0.241,2.912,1,0.523571429,NA,0.607,39,Low
1997,Azerbaijan,106,0.243,2.953,1,0.5335,NA,0.607,39,Low
1998,Azerbaijan,106,0.244,3.072,1,0.530103448,NA,0.61,40,Low
1999,Azerbaijan,106,0.242,3.292,1,0.525133333,NA,0.61,43,Low
2000,Azerbaijan,106,0.248,3.609,1,0.529366667,-0.534,0.604,43,Low
2001,Azerbaijan,106,0.245,3.915,1,0.531666667,-0.534,0.604,46,Low
2002,Azerbaijan,106,0.241,4.188,1,0.545966667,-0.534,0.604,46,Low
2003,Azerbaijan,106,0.236,4.531,1,0.550833333,-0.606,0.609,47,Low
2004,Azerbaijan,106,0.219,5.118,1,0.5523,-0.606,0.593,48,Low
2005,Azerbaijan,106,0.218,6.434,1,0.554366667,-0.606,0.602,49,Low
2006,Azerbaijan,106,0.213,8.374,1,0.556466667,-0.66,0.593,49,Low
2007,Azerbaijan,106,0.211,10.419,1,0.5545,-0.66,0.593,50,Low
2008,Azerbaijan,106,0.209,11.969,1,0.551666667,-0.66,0.593,51,Medium
2009,Azerbaijan,106,0.212,12.814,1,0.556866667,-0.66,0.593,51,Medium
2010,Azerbaijan,106,0.211,13.829,1,0.561766667,-0.66,0.622,51,Medium
2011,Azerbaijan,106,0.208,14.509,1,0.5646,-0.66,0.622,52,Medium
2012,Azerbaijan,106,0.206,14.792,1,0.5606,-0.717,0.628,52,Medium
2013,Azerbaijan,106,0.2,15,1,0.5531,-0.717,0.627,54,Medium
2014,Azerbaijan,106,0.194,15.137,1,0.5505,-0.717,0.626,53,Medium
1991,Belarus,107,0.5,11.166,1,0.473461538,NA,0.653,18,Low
1992,Belarus,107,0.572,10.238,1,0.499296296,NA,0.724,25,Low
1993,Belarus,107,0.563,9.227,1,0.530535714,NA,0.78,28,Low
1994,Belarus,107,0.554,8.229,1,0.52825,NA,0.78,31,Low
1995,Belarus,107,0.505,7.675,1,0.526607143,NA,0.781,34,Low
1996,Belarus,107,0.45,7.736,1,0.523571429,NA,0.762,35,Low
1997,Belarus,107,0.373,8.209,1,0.5335,NA,0.754,37,Low
1998,Belarus,107,0.349,8.681,1,0.530103448,NA,0.754,39,Low
1999,Belarus,107,0.334,8.979,1,0.525133333,NA,0.759,39,Low
2000,Belarus,107,0.299,9.406,1,0.529366667,2.19,0.785,40,Low
2001,Belarus,107,0.247,9.799,1,0.531666667,2.19,0.782,41,Low
2002,Belarus,107,0.245,10.15,1,0.545966667,2.19,0.779,42,Low
2003,Belarus,107,0.243,10.79,1,0.550833333,2.19,0.776,46,Low
2004,Belarus,107,0.241,11.711,1,0.5523,2.19,0.846,46,Low
2005,Belarus,107,0.234,12.841,1,0.554366667,2.19,0.846,49,Low
2006,Belarus,107,0.227,14.07,1,0.556466667,2.19,0.846,50,Low
2007,Belarus,107,0.223,15.329,1,0.5545,2.19,0.846,50,Low
2008,Belarus,107,0.226,16.632,1,0.551666667,2.19,0.854,50,Low
2009,Belarus,107,0.229,17.184,1,0.556866667,2.19,0.858,51,Medium
2010,Belarus,107,0.229,18.314,1,0.561766667,1.595,0.853,51,Medium
2011,Belarus,107,0.219,19.354,1,0.5646,1.595,0.851,51,Medium
2012,Belarus,107,0.223,19.817,1,0.5606,1.595,0.843,51,Medium
2013,Belarus,107,0.244,19.97,1,0.5531,1.595,0.839,52,Medium
2014,Belarus,107,0.245,20.259,1,0.5505,1.595,0.842,51,Medium
1990,Cameroon,108,0.251,2.49,4,0.229020408,NA,0.577,71,High
1991,Cameroon,108,0.27,2.334,4,0.26592,NA,0.603,73,High
1992,Cameroon,108,0.291,2.208,4,0.30298,NA,0.595,76,High
1993,Cameroon,108,0.293,2.109,4,0.33768,NA,0.601,78,High
1994,Cameroon,108,0.293,2.066,4,0.34814,NA,0.601,84,High
1995,Cameroon,108,0.292,2.081,4,0.3631,NA,0.601,85,High
1996,Cameroon,108,0.292,2.116,4,0.36504,NA,0.601,83,High
1997,Cameroon,108,0.295,2.154,4,0.36898,NA,0.557,83,High
1998,Cameroon,108,0.298,2.195,4,0.37242,NA,0.557,83,High
1999,Cameroon,108,0.298,2.244,4,0.36896,NA,0.557,82,High
2000,Cameroon,108,0.311,2.27,4,0.37548,-0.842,0.659,85,High
2001,Cameroon,108,0.311,2.293,4,0.3784,-0.842,0.683,83,High
2002,Cameroon,108,0.313,2.335,4,0.38958,-0.842,0.702,86,High
2003,Cameroon,108,0.315,2.378,4,0.401,-0.842,0.702,84,High
2004,Cameroon,108,0.318,2.407,4,0.40568,-0.842,0.702,86,High
2005,Cameroon,108,0.317,2.41,4,0.41424,-0.842,0.702,86,High
2006,Cameroon,108,0.317,2.426,4,0.4292,-0.842,0.701,90,High
2007,Cameroon,108,0.318,2.446,4,0.43482,-0.842,0.724,91,High
2008,Cameroon,108,0.319,2.454,4,0.4316,-0.842,0.728,91,High
2009,Cameroon,108,0.319,2.452,4,0.42536,-0.842,0.726,89,High
2010,Cameroon,108,0.317,2.479,4,0.42482,-0.842,0.748,88,High
2011,Cameroon,108,0.32,2.518,4,0.430411765,-0.842,0.741,86,High
2012,Cameroon,108,0.325,2.568,4,0.425352941,-0.842,0.749,84,High
2013,Cameroon,108,0.318,2.628,4,0.425372549,-0.842,0.788,88,High
2014,Cameroon,108,0.326,2.703,4,0.43772549,-0.842,0.791,86,High
1990,China,110,0.094,2.626,6,0.321357143,NA,0.564,53,Medium
1991,China,110,0.094,2.709,6,0.325642857,NA,0.564,54,Medium
1992,China,110,0.096,2.902,6,0.337857143,NA,0.563,59,Medium
1993,China,110,0.102,3.146,6,0.356714286,NA,0.569,62,Medium
1994,China,110,0.102,3.395,6,0.360178571,NA,0.57,66,Medium
1995,China,110,0.102,3.65,6,0.362964286,NA,0.574,67,Medium
1996,China,110,0.102,3.883,6,0.362714286,NA,0.581,70,Medium
1997,China,110,0.102,4.074,6,0.378107143,NA,0.578,72,High
1998,China,110,0.102,4.238,6,0.385428571,NA,0.584,75,High
1999,China,110,0.102,4.462,6,0.393392857,NA,0.59,76,High
2000,China,110,0.101,4.736,6,0.38625,-2.219,0.606,76,High
2001,China,110,0.101,5.051,6,0.382964286,-2.219,0.606,77,High
2002,China,110,0.102,5.427,6,0.406392857,-2.219,0.602,74,High
2003,China,110,0.103,5.834,6,0.417714286,-2.219,0.6,75,High
2004,China,110,0.103,6.31,6,0.417178571,-2.219,0.594,75,High
2005,China,110,0.095,6.89,6,0.419071429,-2.333,0.635,75,High
2006,China,110,0.095,7.514,6,0.402428571,-2.333,0.637,77,High
2007,China,110,0.095,8.21,6,0.388678571,-2.333,0.638,77,High
2008,China,110,0.095,8.769,6,0.424071429,-2.333,0.636,78,High
2009,China,110,0.095,9.417,6,0.445964286,-2.333,0.639,82,High
2010,China,110,0.095,10.221,6,0.450071429,-2.333,0.636,83,High
2011,China,110,0.094,10.877,6,0.456,-2.333,0.644,84,High
2012,China,110,0.094,11.527,6,0.452357143,-2.333,0.64,84,High
2013,China,110,0.087,12.129,6,0.439892857,-2.308,0.628,85,High
2014,China,110,0.085,12.729,6,0.435928571,-2.308,0.63,83,High
1990,Djibouti,113,0.18,2.606,4,0.229020408,NA,0.236,36,Low
1991,Djibouti,113,0.178,2.486,4,0.26592,NA,0.221,36,Low
1992,Djibouti,113,0.229,2.564,4,0.30298,NA,0.334,37,Low
1993,Djibouti,113,0.243,2.697,4,0.33768,NA,0.34,38,Low
1994,Djibouti,113,0.243,2.577,4,0.34814,NA,0.34,42,Low
1995,Djibouti,113,0.243,2.593,4,0.3631,NA,0.34,42,Low
1996,Djibouti,113,0.243,2.487,4,0.36504,NA,0.34,41,Low
1997,Djibouti,113,0.243,2.467,4,0.36898,NA,0.34,43,Low
1998,Djibouti,113,0.251,2.435,4,0.37242,NA,0.34,43,Low
1999,Djibouti,113,0.247,2.428,4,0.36896,NA,0.34,45,Low
2000,Djibouti,113,0.255,2.388,4,0.37548,-1.397,0.38,45,Low
2001,Djibouti,113,0.255,2.379,4,0.3784,-1.397,0.38,42,Low
2002,Djibouti,113,0.269,2.381,4,0.38958,-1.397,0.435,49,Low
2003,Djibouti,113,0.263,2.456,4,0.401,-1.397,0.502,48,Low
2004,Djibouti,113,0.267,2.538,4,0.40568,-1.397,0.502,50,Low
2005,Djibouti,113,0.254,2.66,4,0.41424,-1.464,0.502,50,Low
2006,Djibouti,113,0.249,2.827,4,0.4292,-1.464,0.508,50,Low
2007,Djibouti,113,0.249,2.919,4,0.43482,-1.464,0.524,51,Medium
2008,Djibouti,113,0.245,2.999,4,0.4316,-1.464,0.524,54,Medium
2009,Djibouti,113,0.246,3.015,4,0.42536,-1.515,0.515,56,Medium
2010,Djibouti,113,0.247,3.045,4,0.42482,-1.515,0.515,56,Medium
2011,Djibouti,113,0.249,3.268,4,0.430411765,-1.515,0.515,56,Medium
2012,Djibouti,113,0.25,3.531,4,0.425352941,-1.515,0.515,58,Medium
2013,Djibouti,113,0.247,3.9,4,0.425372549,-1.515,0.514,59,Medium
2014,Djibouti,113,0.246,4.167,4,0.43772549,-1.515,0.514,57,Medium
1993,Eritrea,115,0.099,18.598,4,0.33768,NA,0.25,16,Low
1994,Eritrea,115,0.102,20.153,4,0.34814,NA,0.385,21,Low
1995,Eritrea,115,0.102,21.437,4,0.3631,NA,0.375,26,Low
1996,Eritrea,115,0.102,22.882,4,0.36504,NA,0.375,26,Low
1997,Eritrea,115,0.131,24.048,4,0.36898,NA,0.375,30,Low
1998,Eritrea,115,0.123,24.541,4,0.37242,NA,0.363,30,Low
1999,Eritrea,115,0.123,24.864,4,0.36896,NA,0.369,31,Low
2000,Eritrea,115,0.121,24.674,4,0.37548,-2.557,0.353,32,Low
2001,Eritrea,115,0.103,24.673,4,0.3784,-2.557,0.309,32,Low
2002,Eritrea,115,0.084,24.428,4,0.38958,-2.557,0.309,38,Low
2003,Eritrea,115,0.067,23.786,4,0.401,-2.557,0.169,36,Low
2004,Eritrea,115,0.067,23.24,4,0.40568,-2.557,0.169,37,Low
2005,Eritrea,115,0.067,22.584,4,0.41424,-2.557,0.165,37,Low
2006,Eritrea,115,0.067,21.968,4,0.4292,-2.557,0.165,37,Low
2007,Eritrea,115,0.067,21.344,4,0.43482,-2.557,0.165,38,Low
2008,Eritrea,115,0.067,20.566,4,0.4316,-2.557,0.165,40,Low
2009,Eritrea,115,0.067,20.216,4,0.42536,-2.557,0.165,42,Low
2010,Eritrea,115,0.067,20.194,4,0.42482,-2.557,0.165,43,Low
2011,Eritrea,115,0.067,20.487,4,0.430411765,-2.557,0.165,43,Low
2012,Eritrea,115,0.067,20.602,4,0.425352941,-2.557,0.156,42,Low
2013,Eritrea,115,0.069,20.628,4,0.425372549,-2.557,0.159,42,Low
2014,Eritrea,115,0.069,20.674,4,0.43772549,-2.557,0.159,41,Low
1990,Gabon,116,0.221,10.495,4,0.229020408,NA,0.525,68,Medium
1991,Gabon,116,0.313,10.738,4,0.26592,NA,0.607,68,Medium
1992,Gabon,116,0.326,10.664,4,0.30298,NA,0.607,71,High
1993,Gabon,116,0.327,10.606,4,0.33768,NA,0.607,72,High
1994,Gabon,116,0.334,10.761,4,0.34814,NA,0.607,76,High
1995,Gabon,116,0.334,10.988,4,0.3631,NA,0.607,76,High
1996,Gabon,116,0.334,11.144,4,0.36504,NA,0.601,76,High
1997,Gabon,116,0.345,11.022,4,0.36898,NA,0.622,76,High
1998,Gabon,116,0.345,10.735,4,0.37242,NA,0.622,76,High
1999,Gabon,116,0.346,10.468,4,0.36896,NA,0.622,75,High
2000,Gabon,116,0.342,10.606,4,0.37548,0.22,0.622,75,High
2001,Gabon,116,0.346,10.497,4,0.3784,0.22,0.688,75,High
2002,Gabon,116,0.349,10.512,4,0.38958,0.22,0.688,78,High
2003,Gabon,116,0.349,10.81,4,0.401,0.22,0.688,77,High
2004,Gabon,116,0.349,11.278,4,0.40568,0.22,0.688,79,High
2005,Gabon,116,0.349,11.862,4,0.41424,0.22,0.688,77,High
2006,Gabon,116,0.354,11.617,4,0.4292,0.22,0.703,77,High
2007,Gabon,116,0.356,11.549,4,0.43482,0.22,0.719,78,High
2008,Gabon,116,0.356,11.274,4,0.4316,0.22,0.703,79,High
2009,Gabon,116,0.357,10.666,4,0.42536,0.22,0.703,79,High
2010,Gabon,116,0.374,10.948,4,0.42482,0.22,0.724,77,High
2011,Gabon,116,0.374,11.484,4,0.430411765,0.22,0.718,76,High
2012,Gabon,116,0.371,11.718,4,0.425352941,0.22,0.714,75,High
2013,Gabon,116,0.378,11.838,4,0.425372549,0.22,0.745,76,High
2014,Gabon,116,0.378,11.841,4,0.43772549,0.22,0.749,73,High
1991,Georgia,118,0.326,7.821,1,0.473461538,NA,0.708,2,Low
1992,Georgia,118,0.256,4.91,1,0.499296296,NA,0.679,14,Low
1993,Georgia,118,0.353,3.504,1,0.530535714,NA,0.717,22,Low
1994,Georgia,118,0.357,3.099,1,0.52825,NA,0.733,26,Low
1995,Georgia,118,0.366,3.148,1,0.526607143,NA,0.754,34,Low
1996,Georgia,118,0.38,3.449,1,0.523571429,NA,0.746,36,Low
1997,Georgia,118,0.377,3.758,1,0.5335,NA,0.746,37,Low
1998,Georgia,118,0.377,3.937,1,0.530103448,NA,0.752,37,Low
1999,Georgia,118,0.375,4.088,1,0.525133333,NA,0.753,38,Low
2000,Georgia,118,0.371,4.231,1,0.529366667,1.662,0.755,40,Low
2001,Georgia,118,0.377,4.444,1,0.531666667,1.662,0.755,42,Low
2002,Georgia,118,0.378,4.735,1,0.545966667,1.829,0.752,43,Low
2003,Georgia,118,0.381,5.166,1,0.550833333,1.656,0.753,44,Low
2004,Georgia,118,0.557,5.575,1,0.5523,1.811,0.788,45,Low
2005,Georgia,118,0.554,6.071,1,0.554366667,1.811,0.788,45,Low
2006,Georgia,118,0.549,6.65,1,0.556466667,1.811,0.787,46,Low
2007,Georgia,118,0.538,7.306,1,0.5545,1.811,0.788,48,Low
2008,Georgia,118,0.495,7.681,1,0.551666667,1.811,0.764,50,Low
2009,Georgia,118,0.489,7.791,1,0.556866667,1.811,0.756,50,Low
2010,Georgia,118,0.496,8.155,1,0.561766667,1.811,0.761,50,Low
2011,Georgia,118,0.499,8.666,1,0.5646,1.811,0.767,50,Low
2012,Georgia,118,0.518,9.172,1,0.5606,1.811,0.806,50,Low
2013,Georgia,118,0.619,9.673,1,0.5531,1.811,0.806,52,Medium
2014,Georgia,118,0.68,10.066,1,0.5505,1.811,0.805,54,Medium
1990,Guinea-Bissau,119,0.103,1.508,4,0.229020408,NA,0.518,37,Low
1991,Guinea-Bissau,119,0.103,1.521,4,0.26592,NA,0.524,40,Low
1992,Guinea-Bissau,119,0.132,1.491,4,0.30298,NA,0.524,42,Low
1993,Guinea-Bissau,119,0.159,1.513,4,0.33768,NA,0.568,43,Low
1994,Guinea-Bissau,119,0.251,1.557,4,0.34814,NA,0.532,46,Low
1995,Guinea-Bissau,119,0.364,1.586,4,0.3631,NA,0.547,47,Low
1996,Guinea-Bissau,119,0.364,1.626,4,0.36504,NA,0.547,47,Low
1997,Guinea-Bissau,119,0.364,1.643,4,0.36898,NA,0.547,48,Low
1998,Guinea-Bissau,119,0.359,1.457,4,0.37242,NA,0.547,51,Medium
1999,Guinea-Bissau,119,0.365,1.461,4,0.36896,NA,0.534,51,Medium
2000,Guinea-Bissau,119,0.426,1.448,4,0.37548,1.564,0.588,51,Medium
2001,Guinea-Bissau,119,0.432,1.436,4,0.3784,1.564,0.59,52,Medium
2002,Guinea-Bissau,119,0.44,1.408,4,0.38958,1.564,0.623,55,Medium
2003,Guinea-Bissau,119,0.377,1.379,4,0.401,1.564,0.59,53,Medium
2004,Guinea-Bissau,119,0.38,1.384,4,0.40568,1.564,0.591,54,Medium
2005,Guinea-Bissau,119,0.456,1.384,4,0.41424,1.564,0.673,56,Medium
2006,Guinea-Bissau,119,0.449,1.372,4,0.4292,1.564,0.671,57,Medium
2007,Guinea-Bissau,119,0.449,1.368,4,0.43482,1.564,0.667,58,Medium
2008,Guinea-Bissau,119,0.403,1.37,4,0.4316,1.564,0.627,60,Medium
2009,Guinea-Bissau,119,0.456,1.377,4,0.42536,1.564,0.647,61,Medium
2010,Guinea-Bissau,119,0.452,1.398,4,0.42482,1.564,0.647,60,Medium
2011,Guinea-Bissau,119,0.452,1.436,4,0.430411765,1.564,0.647,59,Medium
2012,Guinea-Bissau,119,0.329,1.405,4,0.425352941,1.564,0.632,58,Medium
2013,Guinea-Bissau,119,0.289,1.408,4,0.425372549,1.564,0.682,60,Medium
2014,Guinea-Bissau,119,0.445,1.409,4,0.43772549,1.564,0.708,58,Medium
1990,Jamaica,120,0.58,5.911,2,0.55928,NA,0.847,52,Medium
1991,Jamaica,120,0.58,6.12,2,0.57996,NA,0.847,53,Medium
1992,Jamaica,120,0.58,6.35,2,0.5848,NA,0.847,52,Medium
1993,Jamaica,120,0.615,6.517,2,0.59928,NA,0.865,53,Medium
1994,Jamaica,120,0.629,6.592,2,0.60964,NA,0.865,58,Medium
1995,Jamaica,120,0.634,6.632,2,0.61876,NA,0.865,59,Medium
1996,Jamaica,120,0.639,6.587,2,0.63376,NA,0.865,58,Medium
1997,Jamaica,120,0.649,6.556,2,0.64032,NA,0.868,59,Medium
1998,Jamaica,120,0.683,6.525,2,0.64624,NA,0.868,61,Medium
1999,Jamaica,120,0.683,6.556,2,0.6428,NA,0.868,62,Medium
2000,Jamaica,120,0.689,6.561,2,0.6508,1.867,0.867,64,Medium
2001,Jamaica,120,0.689,6.623,2,0.66144,1.867,0.867,64,Medium
2002,Jamaica,120,0.707,6.697,2,0.66508,1.867,0.864,62,Medium
2003,Jamaica,120,0.751,6.882,2,0.66888,1.867,0.864,63,Medium
2004,Jamaica,120,0.751,7,2,0.66472,1.867,0.864,62,Medium
2005,Jamaica,120,0.76,7.113,2,0.66496,1.867,0.864,64,Medium
2006,Jamaica,120,0.769,7.262,2,0.66556,1.867,0.872,63,Medium
2007,Jamaica,120,0.774,7.344,2,0.66224,1.867,0.875,63,Medium
2008,Jamaica,120,0.785,7.279,2,0.66204,1.867,0.875,63,Medium
2009,Jamaica,120,0.785,7.143,2,0.66192,1.867,0.879,64,Medium
2010,Jamaica,120,0.785,7.063,2,0.65984,1.867,0.879,64,Medium
2011,Jamaica,120,0.779,7.077,2,0.65932,1.867,0.877,64,Medium
2012,Jamaica,120,0.784,7.069,2,0.65672,1.867,0.878,64,Medium
2013,Jamaica,120,0.805,7.07,2,0.64816,1.867,0.892,64,Medium
2014,Jamaica,120,0.805,7.112,2,0.64972,1.867,0.892,62,Medium
1991,Kazakhstan,121,0.29,10.806,1,0.473461538,NA,0.734,5,Low
1992,Kazakhstan,121,0.295,10.177,1,0.499296296,NA,0.723,20,Low
1993,Kazakhstan,121,0.308,8.974,1,0.530535714,NA,0.728,26,Low
1994,Kazakhstan,121,0.307,7.935,1,0.52825,NA,0.759,35,Low
1995,Kazakhstan,121,0.292,7.312,1,0.526607143,NA,0.758,38,Low
1996,Kazakhstan,121,0.284,7.174,1,0.523571429,NA,0.767,40,Low
1997,Kazakhstan,121,0.294,7.169,1,0.5335,NA,0.762,45,Low
1998,Kazakhstan,121,0.291,7.193,1,0.530103448,NA,0.762,50,Low
1999,Kazakhstan,121,0.274,7.417,1,0.525133333,NA,0.746,51,Medium
2000,Kazakhstan,121,0.271,8.144,1,0.529366667,-0.824,0.746,52,Medium
2001,Kazakhstan,121,0.256,9.001,1,0.531666667,-0.824,0.748,52,Medium
2002,Kazakhstan,121,0.253,9.858,1,0.545966667,-0.824,0.748,51,Medium
2003,Kazakhstan,121,0.249,10.801,1,0.550833333,-0.824,0.748,51,Medium
2004,Kazakhstan,121,0.246,11.9,1,0.5523,-0.824,0.748,53,Medium
2005,Kazakhstan,121,0.241,13.128,1,0.554366667,-0.824,0.742,54,Medium
2006,Kazakhstan,121,0.244,14.576,1,0.556466667,-0.824,0.752,56,Medium
2007,Kazakhstan,121,0.243,15.942,1,0.5545,-0.824,0.777,55,Medium
2008,Kazakhstan,121,0.245,16.768,1,0.551666667,-0.921,0.777,55,Medium
2009,Kazakhstan,121,0.244,17.137,1,0.556866667,-0.921,0.785,55,Medium
2010,Kazakhstan,121,0.24,18.361,1,0.561766667,-1.31,0.772,57,Medium
2011,Kazakhstan,121,0.235,19.72,1,0.5646,-1.31,0.772,56,Medium
2012,Kazakhstan,121,0.236,20.61,1,0.5606,-1.31,0.795,56,Medium
2013,Kazakhstan,121,0.234,21.442,1,0.5531,-1.31,0.779,58,Medium
2014,Kazakhstan,121,0.235,21.945,1,0.5505,-1.462,0.787,56,Medium
1991,Kyrgyzstan,122,0.294,5.157,1,0.473461538,NA,0.623,4,Low
1992,Kyrgyzstan,122,0.355,4.411,1,0.499296296,NA,0.645,19,Low
1993,Kyrgyzstan,122,0.346,3.748,1,0.530535714,NA,0.645,26,Low
1994,Kyrgyzstan,122,0.321,3.136,1,0.52825,NA,0.645,32,Low
1995,Kyrgyzstan,122,0.305,2.822,1,0.526607143,NA,0.612,35,Low
1996,Kyrgyzstan,122,0.296,2.761,1,0.523571429,NA,0.605,37,Low
1997,Kyrgyzstan,122,0.29,2.723,1,0.5335,NA,0.605,41,Low
1998,Kyrgyzstan,122,0.29,2.676,1,0.530103448,NA,0.605,43,Low
1999,Kyrgyzstan,122,0.287,2.693,1,0.525133333,NA,0.627,44,Low
2000,Kyrgyzstan,122,0.285,2.752,1,0.529366667,1.9,0.612,50,Low
2001,Kyrgyzstan,122,0.282,2.802,1,0.531666667,1.9,0.612,51,Medium
2002,Kyrgyzstan,122,0.281,2.83,1,0.545966667,1.9,0.61,50,Low
2003,Kyrgyzstan,122,0.283,2.94,1,0.550833333,1.9,0.61,51,Medium
2004,Kyrgyzstan,122,0.283,3.052,1,0.5523,1.9,0.61,51,Medium
2005,Kyrgyzstan,122,0.322,3.077,1,0.554366667,1.9,0.595,51,Medium
2006,Kyrgyzstan,122,0.335,3.19,1,0.556466667,1.9,0.603,52,Medium
2007,Kyrgyzstan,122,0.323,3.386,1,0.5545,1.9,0.748,52,Medium
2008,Kyrgyzstan,122,0.311,3.602,1,0.551666667,1.9,0.748,52,Medium
2009,Kyrgyzstan,122,0.304,3.703,1,0.556866667,1.663,0.747,52,Medium
2010,Kyrgyzstan,122,0.384,3.762,1,0.561766667,1.311,0.786,52,Medium
2011,Kyrgyzstan,122,0.484,3.973,1,0.5646,1.311,0.789,52,Medium
2012,Kyrgyzstan,122,0.468,4.071,1,0.5606,1.311,0.786,53,Medium
2013,Kyrgyzstan,122,0.45,4.283,1,0.5531,1.311,0.809,53,Medium
2014,Kyrgyzstan,122,0.446,4.507,1,0.5505,0.988,0.807,50,Low
1990,Libya,124,0.072,13.321,3,0.182714286,NA,0.162,59,Medium
1991,Libya,124,0.072,13.934,3,0.1921,NA,0.162,59,Medium
1992,Libya,124,0.072,14.114,3,0.1906,NA,0.162,58,Medium
1993,Libya,124,0.072,14.085,3,0.1949,NA,0.162,60,Medium
1994,Libya,124,0.072,14.202,3,0.20005,NA,0.162,61,Medium
1995,Libya,124,0.072,14.327,3,0.20005,NA,0.162,61,Medium
1996,Libya,124,0.072,14.514,3,0.2232,NA,0.162,62,Medium
1997,Libya,124,0.072,14.72,3,0.22805,NA,0.162,65,Medium
1998,Libya,124,0.072,14.508,3,0.2291,NA,0.162,63,Medium
1999,Libya,124,0.072,14.149,3,0.2315,NA,0.162,62,Medium
2000,Libya,124,0.072,14.096,3,0.23545,-0.685,0.162,64,Medium
2001,Libya,124,0.072,14.047,3,0.2408,-0.685,0.162,61,Medium
2002,Libya,124,0.072,14.246,3,0.2485,-0.685,0.162,61,Medium
2003,Libya,124,0.072,15.105,3,0.2582,-0.685,0.162,61,Medium
2004,Libya,124,0.073,15.98,3,0.26205,-0.685,0.162,62,Medium
2005,Libya,124,0.073,17.07,3,0.2681,-0.685,0.183,63,Medium
2006,Libya,124,0.073,18.026,3,0.27665,-0.685,0.197,63,Medium
2007,Libya,124,0.073,18.846,3,0.26347619,-0.685,0.197,64,Medium
2008,Libya,124,0.073,19.36,3,0.255904762,-0.762,0.197,67,Medium
2009,Libya,124,0.073,18.81,3,0.255666667,-0.762,0.2,68,Medium
2010,Libya,124,0.073,17.156,3,0.254619048,-0.762,0.202,68,Medium
2011,Libya,124,0.176,12.348,3,0.266190476,-0.072,0.236,67,Medium
2012,Libya,124,0.33,14.269,3,0.301238095,0.261,0.445,67,Medium
2013,Libya,124,0.54,12.097,3,0.302190476,0.261,0.434,68,Medium
2014,Libya,124,0.277,9.901,3,0.282619048,0.261,0.377,65,Medium
1990,Madagascar,125,0.236,1.308,4,0.229020408,NA,0.603,50,Low
1991,Madagascar,125,0.254,1.238,4,0.26592,NA,0.621,50,Low
1992,Madagascar,125,0.287,1.201,4,0.30298,NA,0.594,52,Medium
1993,Madagascar,125,0.445,1.182,4,0.33768,NA,0.594,54,Medium
1994,Madagascar,125,0.555,1.156,4,0.34814,NA,0.621,55,Medium
1995,Madagascar,125,0.555,1.149,4,0.3631,NA,0.621,55,Medium
1996,Madagascar,125,0.551,1.148,4,0.36504,NA,0.627,55,Medium
1997,Madagascar,125,0.51,1.16,4,0.36898,NA,0.627,58,Medium
1998,Madagascar,125,0.514,1.173,4,0.37242,NA,0.655,58,Medium
1999,Madagascar,125,0.52,1.186,4,0.36896,NA,0.655,58,Medium
2000,Madagascar,125,0.52,1.201,4,0.37548,1.16,0.659,58,Medium
2001,Madagascar,125,0.509,1.205,4,0.3784,1.16,0.659,57,Medium
2002,Madagascar,125,0.425,1.136,4,0.38958,1.16,0.615,59,Medium
2003,Madagascar,125,0.492,1.158,4,0.401,1.16,0.631,59,Medium
2004,Madagascar,125,0.492,1.18,4,0.40568,1.16,0.631,61,Medium
2005,Madagascar,125,0.492,1.206,4,0.41424,1.16,0.631,61,Medium
2006,Madagascar,125,0.486,1.235,4,0.4292,1.16,0.629,62,Medium
2007,Madagascar,125,0.496,1.263,4,0.43482,1.16,0.691,63,Medium
2008,Madagascar,125,0.501,1.291,4,0.4316,1.16,0.736,64,Medium
2009,Madagascar,125,0.278,1.263,4,0.42536,1.16,0.677,66,Medium
2010,Madagascar,125,0.226,1.265,4,0.42482,1.16,0.674,64,Medium
2011,Madagascar,125,0.226,1.275,4,0.430411765,1.16,0.753,60,Medium
2012,Madagascar,125,0.226,1.272,4,0.425352941,1.16,0.753,60,Medium
2013,Madagascar,125,0.255,1.266,4,0.425372549,1.16,0.783,63,Medium
2014,Madagascar,125,0.465,1.273,4,0.43772549,1.16,0.794,62,Medium
1991,Moldova,126,0.467,5.797,1,0.473461538,NA,0.735,4,Low
1992,Moldova,126,0.507,4.577,1,0.499296296,NA,0.743,19,Low
1993,Moldova,126,0.511,4.043,1,0.530535714,NA,0.743,20,Low
1994,Moldova,126,0.581,3.47,1,0.52825,NA,0.773,27,Low
1995,Moldova,126,0.601,3.28,1,0.526607143,NA,0.773,37,Low
1996,Moldova,126,0.601,3.111,1,0.523571429,NA,0.773,42,Low
1997,Moldova,126,0.604,3.043,1,0.5335,NA,0.773,44,Low
1998,Moldova,126,0.587,2.864,1,0.530103448,NA,0.798,46,Low
1999,Moldova,126,0.593,2.755,1,0.525133333,NA,0.801,46,Low
2000,Moldova,126,0.586,2.791,1,0.529366667,1.561,0.808,47,Low
2001,Moldova,126,0.529,2.942,1,0.531666667,1.561,0.804,49,Low
2002,Moldova,126,0.519,3.176,1,0.545966667,1.561,0.804,49,Low
2003,Moldova,126,0.519,3.426,1,0.550833333,1.561,0.804,50,Low
2004,Moldova,126,0.525,3.685,1,0.5523,1.561,0.818,52,Medium
2005,Moldova,126,0.464,3.958,1,0.554366667,1.561,0.822,53,Medium
2006,Moldova,126,0.455,4.174,1,0.556466667,1.561,0.847,54,Medium
2007,Moldova,126,0.454,4.36,1,0.5545,1.561,0.848,59,Medium
2008,Moldova,126,0.451,4.592,1,0.551666667,1.561,0.839,59,Medium
2009,Moldova,126,0.478,4.66,1,0.556866667,1.561,0.864,59,Medium
2010,Moldova,126,0.638,4.957,1,0.561766667,1.561,0.871,60,Medium
2011,Moldova,126,0.699,5.268,1,0.5646,1.561,0.872,60,Medium
2012,Moldova,126,0.69,5.514,1,0.5606,1.561,0.868,59,Medium
2013,Moldova,126,0.658,5.892,1,0.5531,1.561,0.862,61,Medium
2014,Moldova,126,0.644,6.246,1,0.5505,1.561,0.862,60,Medium
1990,Namibia,127,0.531,5.455,4,0.229020408,NA,0.628,20,Low
1991,Namibia,127,0.595,5.515,4,0.26592,NA,0.65,23,Low
1992,Namibia,127,0.595,5.63,4,0.30298,NA,0.65,31,Low
1993,Namibia,127,0.595,5.565,4,0.33768,NA,0.65,35,Low
1994,Namibia,127,0.589,5.614,4,0.34814,NA,0.714,39,Low
1995,Namibia,127,0.674,5.666,4,0.3631,NA,0.721,39,Low
1996,Namibia,127,0.674,5.776,4,0.36504,NA,0.721,38,Low
1997,Namibia,127,0.674,5.876,4,0.36898,NA,0.721,42,Low
1998,Namibia,127,0.674,5.97,4,0.37242,NA,0.721,43,Low
1999,Namibia,127,0.672,6.049,4,0.36896,NA,0.751,45,Low
2000,Namibia,127,0.654,6.133,4,0.37548,1.342,0.792,45,Low
2001,Namibia,127,0.652,6.216,4,0.3784,1.342,0.792,46,Low
2002,Namibia,127,0.652,6.348,4,0.38958,1.342,0.792,52,Medium
2003,Namibia,127,0.656,6.499,4,0.401,1.342,0.792,50,Low
2004,Namibia,127,0.66,6.905,4,0.40568,1.342,0.797,52,Medium
2005,Namibia,127,0.671,7.169,4,0.41424,1.342,0.797,53,Medium
2006,Namibia,127,0.671,7.546,4,0.4292,1.342,0.788,53,Medium
2007,Namibia,127,0.664,7.798,4,0.43482,1.342,0.788,53,Medium
2008,Namibia,127,0.665,7.984,4,0.4316,1.342,0.788,55,Medium
2009,Namibia,127,0.661,8.046,4,0.42536,1.342,0.781,56,Medium
2010,Namibia,127,0.648,8.337,4,0.42482,1.342,0.81,56,Medium
2011,Namibia,127,0.655,8.659,4,0.430411765,1.342,0.805,56,Medium
2012,Namibia,127,0.655,8.959,4,0.425352941,1.342,0.805,58,Medium
2013,Namibia,127,0.656,9.249,4,0.425372549,1.342,0.827,59,Medium
2014,Namibia,127,0.666,9.641,4,0.43772549,1.342,0.843,57,Medium
1990,Rwanda,129,0.223,1.106,4,0.229020408,NA,0.528,42,Low
1991,Rwanda,129,0.263,1.064,4,0.26592,NA,0.529,42,Low
1992,Rwanda,129,0.3,1.054,4,0.30298,NA,0.538,44,Low
1993,Rwanda,129,0.188,0.951,4,0.33768,NA,0.464,45,Low
1994,Rwanda,129,0.143,0.717,4,0.34814,NA,0.431,46,Low
1995,Rwanda,129,0.104,0.783,4,0.3631,NA,0.594,46,Low
1996,Rwanda,129,0.107,0.842,4,0.36504,NA,0.604,46,Low
1997,Rwanda,129,0.107,0.89,4,0.36898,NA,0.669,47,Low
1998,Rwanda,129,0.106,0.926,4,0.37242,NA,0.687,46,Low
1999,Rwanda,129,0.107,0.946,4,0.36896,NA,0.681,46,Low
2000,Rwanda,129,0.115,0.983,4,0.37548,-1.573,0.794,46,Low
2001,Rwanda,129,0.115,1.037,4,0.3784,-1.573,0.797,44,Low
2002,Rwanda,129,0.115,1.113,4,0.38958,-1.573,0.797,47,Low
2003,Rwanda,129,0.125,1.149,4,0.401,-1.573,0.815,47,Low
2004,Rwanda,129,0.204,1.205,4,0.40568,-1.573,0.817,51,Medium
2005,Rwanda,129,0.201,1.275,4,0.41424,-1.573,0.835,52,Medium
2006,Rwanda,129,0.202,1.348,4,0.4292,-1.573,0.838,53,Medium
2007,Rwanda,129,0.202,1.412,4,0.43482,-1.573,0.816,54,Medium
2008,Rwanda,129,0.208,1.487,4,0.4316,-1.573,0.816,57,Medium
2009,Rwanda,129,0.225,1.555,4,0.42536,-1.573,0.816,59,Medium
2010,Rwanda,129,0.224,1.625,4,0.42482,-1.491,0.848,58,Medium
2011,Rwanda,129,0.224,1.704,4,0.430411765,-1.491,0.851,60,Medium
2012,Rwanda,129,0.226,1.776,4,0.425352941,-1.491,0.856,59,Medium
2013,Rwanda,129,0.227,1.826,4,0.425372549,-1.491,0.854,62,Medium
2014,Rwanda,129,0.233,1.892,4,0.43772549,-1.491,0.846,60,Medium
1990,Somalia,130,0.147,1.659,4,0.229020408,NA,0.16,50,Low
1991,Somalia,130,0.141,1.658,4,0.26592,NA,0.142,50,Low
1992,Somalia,130,0.165,1.639,4,0.30298,NA,0.113,49,Low
1993,Somalia,130,0.169,1.632,4,0.33768,NA,0.11,49,Low
1994,Somalia,130,0.171,1.629,4,0.34814,NA,0.11,49,Low
1995,Somalia,130,0.173,1.62,4,0.3631,NA,0.11,48,Low
1996,Somalia,130,0.173,1.613,4,0.36504,NA,0.11,48,Low
1997,Somalia,130,0.173,1.611,4,0.36898,NA,0.11,48,Low
1998,Somalia,130,0.173,1.638,4,0.37242,NA,0.11,46,Low
1999,Somalia,130,0.173,1.657,4,0.36896,NA,0.11,46,Low
2000,Somalia,130,0.185,1.674,4,0.37548,-0.139,0.113,47,Low
2001,Somalia,130,0.185,1.684,4,0.3784,-0.139,0.113,45,Low
2002,Somalia,130,0.185,1.683,4,0.38958,-0.139,0.113,48,Low
2003,Somalia,130,0.185,1.683,4,0.401,-0.139,0.113,46,Low
2004,Somalia,130,0.187,1.679,4,0.40568,-0.139,0.113,46,Low
2005,Somalia,130,0.192,1.663,4,0.41424,-0.139,0.139,47,Low
2006,Somalia,130,0.193,1.663,4,0.4292,-0.139,0.139,46,Low
2007,Somalia,130,0.193,1.66,4,0.43482,-0.139,0.139,46,Low
2008,Somalia,130,0.193,1.663,4,0.4316,-0.139,0.139,48,Low
2009,Somalia,130,0.194,1.666,4,0.42536,-0.139,0.139,49,Low
2010,Somalia,130,0.202,1.668,4,0.42482,-0.467,0.178,49,Low
2011,Somalia,130,0.208,1.669,4,0.430411765,-0.166,0.187,51,Medium
2012,Somalia,130,0.185,1.675,4,0.425352941,-0.166,0.258,53,Medium
2013,Somalia,130,0.177,1.696,4,0.425372549,-0.166,0.256,55,Medium
2014,Somalia,130,0.177,1.706,4,0.43772549,-0.064,0.256,53,Medium
1990,Eswatini,132,0.122,5.55,4,0.229020408,NA,0.367,41,Low
1991,Eswatini,132,0.122,5.642,4,0.26592,NA,0.367,41,Low
1992,Eswatini,132,0.122,5.738,4,0.30298,NA,0.311,41,Low
1993,Eswatini,132,0.121,5.854,4,0.33768,NA,0.326,42,Low
1994,Eswatini,132,0.118,5.991,4,0.34814,NA,0.326,45,Low
1995,Eswatini,132,0.118,6.253,4,0.3631,NA,0.326,44,Low
1996,Eswatini,132,0.117,6.407,4,0.36504,NA,0.317,43,Low
1997,Eswatini,132,0.117,6.433,4,0.36898,NA,0.317,43,Low
1998,Eswatini,132,0.118,6.442,4,0.37242,NA,0.317,44,Low
1999,Eswatini,132,0.127,6.48,4,0.36896,NA,0.317,45,Low
2000,Eswatini,132,0.128,6.552,4,0.37548,-0.282,0.299,46,Low
2001,Eswatini,132,0.128,6.556,4,0.3784,-0.282,0.299,45,Low
2002,Eswatini,132,0.128,6.631,4,0.38958,-0.282,0.299,47,Low
2003,Eswatini,132,0.128,6.766,4,0.401,-0.282,0.349,44,Low
2004,Eswatini,132,0.127,6.917,4,0.40568,-0.282,0.349,45,Low
2005,Eswatini,132,0.13,7.162,4,0.41424,-0.282,0.348,45,Low
2006,Eswatini,132,0.13,7.45,4,0.4292,-0.282,0.36,46,Low
2007,Eswatini,132,0.13,7.61,4,0.43482,-0.282,0.378,47,Low
2008,Eswatini,132,0.128,7.697,4,0.4316,-0.282,0.378,49,Low
2009,Eswatini,132,0.125,7.831,4,0.42536,-0.282,0.378,49,Low
2010,Eswatini,132,0.125,7.995,4,0.42482,-0.282,0.384,51,Medium
2011,Eswatini,132,0.125,8.128,4,0.430411765,-0.282,0.383,50,Low
2012,Eswatini,132,0.125,8.389,4,0.425352941,-0.282,0.383,51,Medium
2013,Eswatini,132,0.131,8.566,4,0.425372549,-0.282,0.325,54,Medium
2014,Eswatini,132,0.131,8.62,4,0.43772549,-0.282,0.325,52,Medium
1991,Tajikistan,133,0.309,4.309,1,0.473461538,NA,0.56,4,Low
1992,Tajikistan,133,0.278,3.157,1,0.499296296,NA,0.419,14,Low
1993,Tajikistan,133,0.219,2.558,1,0.530535714,NA,0.301,19,Low
1994,Tajikistan,133,0.195,2.042,1,0.52825,NA,0.296,26,Low
1995,Tajikistan,133,0.173,1.765,1,0.526607143,NA,0.345,27,Low
1996,Tajikistan,133,0.173,1.549,1,0.523571429,NA,0.357,30,Low
1997,Tajikistan,133,0.181,1.51,1,0.5335,NA,0.352,33,Low
1998,Tajikistan,133,0.194,1.479,1,0.530103448,NA,0.391,36,Low
1999,Tajikistan,133,0.209,1.467,1,0.525133333,NA,0.391,37,Low
2000,Tajikistan,133,0.238,1.522,1,0.529366667,-1.255,0.467,39,Low
2001,Tajikistan,133,0.246,1.628,1,0.531666667,-1.255,0.467,40,Low
2002,Tajikistan,133,0.246,1.756,1,0.545966667,-1.255,0.461,41,Low
2003,Tajikistan,133,0.25,1.918,1,0.550833333,-1.255,0.461,41,Low
2004,Tajikistan,133,0.245,2.064,1,0.5523,-1.255,0.439,42,Low
2005,Tajikistan,133,0.23,2.178,1,0.554366667,-1.255,0.47,42,Low
2006,Tajikistan,133,0.229,2.28,1,0.556466667,-1.392,0.47,43,Low
2007,Tajikistan,133,0.231,2.394,1,0.5545,-1.392,0.475,43,Low
2008,Tajikistan,133,0.233,2.486,1,0.551666667,-1.392,0.481,45,Low
2009,Tajikistan,133,0.231,2.566,1,0.556866667,-1.392,0.481,45,Low
2010,Tajikistan,133,0.225,2.72,1,0.561766667,-1.7,0.47,45,Low
2011,Tajikistan,133,0.226,2.86,1,0.5646,-1.7,0.471,46,Low
2012,Tajikistan,133,0.224,3.025,1,0.5606,-1.7,0.469,46,Low
2013,Tajikistan,133,0.206,3.146,1,0.5531,-1.802,0.474,49,Low
2014,Tajikistan,133,0.201,3.281,1,0.5505,-1.802,0.481,48,Low
1991,Turkmenistan,136,0.175,8.301,1,0.473461538,NA,0.294,3,Low
1992,Turkmenistan,136,0.162,7.397,1,0.499296296,NA,0.267,14,Low
1993,Turkmenistan,136,0.151,6.985,1,0.530535714,NA,0.267,23,Low
1994,Turkmenistan,136,0.15,5.888,1,0.52825,NA,0.353,26,Low
1995,Turkmenistan,136,0.148,5.342,1,0.526607143,NA,0.34,31,Low
1996,Turkmenistan,136,0.148,5.175,1,0.523571429,NA,0.34,31,Low
1997,Turkmenistan,136,0.144,4.924,1,0.5335,NA,0.322,35,Low
1998,Turkmenistan,136,0.143,5.152,1,0.530103448,NA,0.322,36,Low
1999,Turkmenistan,136,0.143,5.623,1,0.525133333,NA,0.372,37,Low
2000,Turkmenistan,136,0.07,6.201,1,0.529366667,-1.729,0.372,38,Low
2001,Turkmenistan,136,0.07,6.611,1,0.531666667,-1.729,0.372,39,Low
2002,Turkmenistan,136,0.07,7.003,1,0.545966667,-1.729,0.372,38,Low
2003,Turkmenistan,136,0.07,7.454,1,0.550833333,-1.729,0.372,38,Low
2004,Turkmenistan,136,0.07,8.043,1,0.5523,-1.729,0.304,38,Low
2005,Turkmenistan,136,0.079,8.941,1,0.554366667,-1.729,0.292,38,Low
2006,Turkmenistan,136,0.079,9.801,1,0.556466667,-1.729,0.292,39,Low
2007,Turkmenistan,136,0.08,10.71,1,0.5545,-2.543,0.305,38,Low
2008,Turkmenistan,136,0.08,11.732,1,0.551666667,-2.543,0.318,38,Low
2009,Turkmenistan,136,0.144,12.945,1,0.556866667,-2.779,0.323,38,Low
2010,Turkmenistan,136,0.145,14.109,1,0.561766667,-2.779,0.319,40,Low
2011,Turkmenistan,136,0.144,15.51,1,0.5646,-2.779,0.325,40,Low
2012,Turkmenistan,136,0.145,16.934,1,0.5606,-2.779,0.321,40,Low
2013,Turkmenistan,136,0.145,18.384,1,0.5531,-2.779,0.379,42,Low
2014,Turkmenistan,136,0.144,19.831,1,0.5505,-3.008,0.377,40,Low
1991,Uzbekistan,140,0.23,5.156,1,0.473461538,NA,0.443,6,Low
1992,Uzbekistan,140,0.205,4.662,1,0.499296296,NA,0.433,22,Low
1993,Uzbekistan,140,0.2,4.471,1,0.530535714,NA,0.413,27,Low
1994,Uzbekistan,140,0.188,4.203,1,0.52825,NA,0.397,34,Low
1995,Uzbekistan,140,0.165,4.054,1,0.526607143,NA,0.393,38,Low
1996,Uzbekistan,140,0.164,4.027,1,0.523571429,NA,0.405,38,Low
1997,Uzbekistan,140,0.164,4.07,1,0.5335,NA,0.409,42,Low
1998,Uzbekistan,140,0.164,4.148,1,0.530103448,NA,0.409,42,Low
1999,Uzbekistan,140,0.159,4.261,1,0.525133333,NA,0.415,42,Low
2000,Uzbekistan,140,0.157,4.341,1,0.529366667,-1.751,0.423,42,Low
2001,Uzbekistan,140,0.156,4.477,1,0.531666667,-1.751,0.423,45,Low
2002,Uzbekistan,140,0.157,4.641,1,0.545966667,-1.751,0.428,45,Low
2003,Uzbekistan,140,0.157,4.827,1,0.550833333,-1.751,0.421,46,Low
2004,Uzbekistan,140,0.157,5.063,1,0.5523,-1.751,0.486,48,Low
2005,Uzbekistan,140,0.161,5.353,1,0.554366667,-1.751,0.483,51,Medium
2006,Uzbekistan,140,0.161,5.654,1,0.556466667,-1.751,0.48,52,Medium
2007,Uzbekistan,140,0.161,6.068,1,0.5545,-1.751,0.489,51,Medium
2008,Uzbekistan,140,0.163,6.42,1,0.551666667,-1.751,0.483,50,Low
2009,Uzbekistan,140,0.163,6.832,1,0.556866667,-1.751,0.502,50,Low
2010,Uzbekistan,140,0.161,7.227,1,0.561766667,-1.751,0.501,50,Low
2011,Uzbekistan,140,0.162,7.699,1,0.5646,-1.874,0.508,52,Medium
2012,Uzbekistan,140,0.162,8.175,1,0.5606,-1.874,0.504,52,Medium
2013,Uzbekistan,140,0.167,8.656,1,0.5531,-1.874,0.516,53,Medium
2014,Uzbekistan,140,0.168,9.225,1,0.5505,-1.935,0.493,50,Low
1990,Austria,144,0.861,27.799,5,0.860625,NA,0.888,78,High
1991,Austria,144,0.86,28.808,5,0.862333333,NA,0.888,78,High
1992,Austria,144,0.861,29.326,5,0.86475,NA,0.888,80,High
1993,Austria,144,0.861,29.761,5,0.865791667,NA,0.888,79,High
1994,Austria,144,0.86,30.427,5,0.86575,NA,0.894,82,High
1995,Austria,144,0.857,31.174,5,0.865875,NA,0.909,85,High
1996,Austria,144,0.859,31.836,5,0.867791667,NA,0.913,86,High
1997,Austria,144,0.859,32.732,5,0.867791667,NA,0.913,86,High
1998,Austria,144,0.859,33.908,5,0.867,NA,0.921,88,High
1999,Austria,144,0.859,35.059,5,0.868458333,NA,0.921,86,High
2000,Austria,144,0.859,36.07,5,0.870625,2.172,0.922,85,High
2001,Austria,144,0.859,36.519,5,0.869125,2.172,0.922,85,High
2002,Austria,144,0.859,37.267,5,0.86925,2.172,0.93,85,High
2003,Austria,144,0.858,37.775,5,0.870166667,2.172,0.93,85,High
2004,Austria,144,0.859,38.533,5,0.870291667,2.172,0.93,86,High
2005,Austria,144,0.859,39.334,5,0.871958333,2.172,0.93,86,High
2006,Austria,144,0.863,40.313,5,0.874458333,2.172,0.928,86,High
2007,Austria,144,0.873,41.56,5,0.878416667,2.172,0.931,86,High
2008,Austria,144,0.872,41.638,5,0.881166667,2.172,0.923,85,High
2009,Austria,144,0.871,41.259,5,0.883125,2.172,0.925,85,High
2010,Austria,144,0.867,41.524,5,0.884375,2.172,0.922,86,High
2011,Austria,144,0.866,42.125,5,0.883666667,2.172,0.922,85,High
2012,Austria,144,0.869,42.381,5,0.883958333,2.172,0.922,85,High
2013,Austria,144,0.869,42.406,5,0.879083333,2.172,0.937,86,High
2014,Austria,144,0.868,42.507,5,0.877583333,2.172,0.934,85,High
1990,Bahrain,146,0.048,16.955,3,0.182714286,NA,0.336,37,Low
1991,Bahrain,146,0.048,17.69,3,0.1921,NA,0.336,37,Low
1992,Bahrain,146,0.048,18.567,3,0.1906,NA,0.339,38,Low
1993,Bahrain,146,0.048,19.583,3,0.1949,NA,0.339,42,Low
1994,Bahrain,146,0.048,19.928,3,0.20005,NA,0.339,44,Low
1995,Bahrain,146,0.048,20.101,3,0.20005,NA,0.339,47,Low
1996,Bahrain,146,0.048,20.355,3,0.2232,NA,0.339,47,Low
1997,Bahrain,146,0.048,20.938,3,0.22805,NA,0.339,51,Medium
1998,Bahrain,146,0.048,21.468,3,0.2291,NA,0.339,51,Medium
1999,Bahrain,146,0.049,22.659,3,0.2315,NA,0.339,51,Medium
2000,Bahrain,146,0.066,24.2,3,0.23545,-0.903,0.366,51,Medium
2001,Bahrain,146,0.113,24.614,3,0.2408,-0.903,0.373,51,Medium
2002,Bahrain,146,0.17,24.858,3,0.2485,-0.903,0.433,50,Low
2003,Bahrain,146,0.214,25.87,3,0.2582,-0.903,0.433,51,Medium
2004,Bahrain,146,0.214,26.978,3,0.26205,-0.903,0.433,52,Medium
2005,Bahrain,146,0.226,28.309,3,0.2681,-0.903,0.433,52,Medium
2006,Bahrain,146,0.228,29.086,3,0.27665,-0.903,0.447,52,Medium
2007,Bahrain,146,0.228,29.736,3,0.26347619,-0.903,0.44,52,Medium
2008,Bahrain,146,0.228,30.189,3,0.255904762,-0.903,0.44,55,Medium
2009,Bahrain,146,0.228,29.529,3,0.255666667,-0.903,0.44,56,Medium
2010,Bahrain,146,0.223,29.833,3,0.254619048,-0.903,0.485,56,Medium
2011,Bahrain,146,0.172,30.278,3,0.266190476,-0.903,0.427,57,Medium
2012,Bahrain,146,0.164,31.119,3,0.301238095,-0.903,0.435,57,Medium
2013,Bahrain,146,0.163,31.432,3,0.302190476,-0.903,0.386,59,Medium
2014,Bahrain,146,0.161,31.685,3,0.282619048,-0.903,0.422,55,Medium
1990,Belgium,148,0.871,28.403,5,0.860625,NA,0.91,103,High
1991,Belgium,148,0.871,29.084,5,0.862333333,NA,0.915,102,High
1992,Belgium,148,0.873,29.473,5,0.86475,NA,0.915,106,High
1993,Belgium,148,0.873,29.775,5,0.865791667,NA,0.915,102,High
1994,Belgium,148,0.873,30.473,5,0.86575,NA,0.915,104,High
1995,Belgium,148,0.879,30.966,5,0.865875,NA,0.922,106,High
1996,Belgium,148,0.88,31.401,5,0.867791667,NA,0.922,104,High
1997,Belgium,148,0.88,32.496,5,0.867791667,NA,0.922,104,High
1998,Belgium,148,0.88,33.374,5,0.867,NA,0.922,107,High
1999,Belgium,148,0.88,34.634,5,0.868458333,NA,0.934,103,High
2000,Belgium,148,0.883,35.577,5,0.870625,1.604,0.932,100,High
2001,Belgium,148,0.883,36.188,5,0.869125,1.604,0.932,100,High
2002,Belgium,148,0.883,36.57,5,0.86925,1.604,0.932,100,High
2003,Belgium,148,0.884,36.822,5,0.870166667,1.604,0.936,101,High
2004,Belgium,148,0.862,37.418,5,0.870291667,1.604,0.936,101,High
2005,Belgium,148,0.878,38.082,5,0.871958333,1.604,0.936,102,High
2006,Belgium,148,0.882,38.894,5,0.874458333,1.604,0.936,103,High
2007,Belgium,148,0.885,39.845,5,0.878416667,1.604,0.936,104,High
2008,Belgium,148,0.891,39.761,5,0.881166667,1.604,0.942,103,High
2009,Belgium,148,0.891,39.551,5,0.883125,1.604,0.942,102,High
2010,Belgium,148,0.895,39.99,5,0.884375,1.604,0.944,103,High
2011,Belgium,148,0.897,40.094,5,0.883666667,1.604,0.943,102,High
2012,Belgium,148,0.897,40.036,5,0.883958333,1.604,0.943,101,High
2013,Belgium,148,0.896,40.075,5,0.879083333,1.604,0.945,103,High
2014,Belgium,148,0.896,40.546,5,0.877583333,1.604,0.945,102,High
1990,Bulgaria,152,0.577,10.571,1,0.479782609,NA,0.848,53,Medium
1991,Bulgaria,152,0.631,10.102,1,0.473461538,NA,0.859,53,Medium
1992,Bulgaria,152,0.699,9.533,1,0.499296296,NA,0.864,54,Medium
1993,Bulgaria,152,0.695,9.227,1,0.530535714,NA,0.868,55,Medium
1994,Bulgaria,152,0.698,9.298,1,0.52825,NA,0.869,58,Medium
1995,Bulgaria,152,0.695,9.452,1,0.526607143,NA,0.869,59,Medium
1996,Bulgaria,152,0.7,9.241,1,0.523571429,NA,0.869,62,Medium
1997,Bulgaria,152,0.713,8.644,1,0.5335,NA,0.863,62,Medium
1998,Bulgaria,152,0.711,8.797,1,0.530103448,NA,0.863,66,Medium
1999,Bulgaria,152,0.719,8.748,1,0.525133333,NA,0.863,69,Medium
2000,Bulgaria,152,0.722,9.102,1,0.529366667,1.881,0.894,69,Medium
2001,Bulgaria,152,0.695,9.529,1,0.531666667,1.881,0.917,70,Medium
2002,Bulgaria,152,0.722,10.138,1,0.545966667,1.881,0.927,70,Medium
2003,Bulgaria,152,0.722,10.721,1,0.550833333,1.881,0.927,70,Medium
2004,Bulgaria,152,0.72,11.389,1,0.5523,1.881,0.927,72,High
2005,Bulgaria,152,0.706,12.205,1,0.554366667,1.881,0.922,74,High
2006,Bulgaria,152,0.708,13.104,1,0.556466667,1.881,0.924,76,High
2007,Bulgaria,152,0.717,14.112,1,0.5545,1.881,0.925,81,High
2008,Bulgaria,152,0.721,14.862,1,0.551666667,1.881,0.923,81,High
2009,Bulgaria,152,0.7,15.059,1,0.556866667,1.881,0.919,82,High
2010,Bulgaria,152,0.686,15.305,1,0.561766667,1.881,0.916,83,High
2011,Bulgaria,152,0.682,15.49,1,0.5646,1.881,0.918,81,High
2012,Bulgaria,152,0.667,15.663,1,0.5606,1.881,0.921,81,High
2013,Bulgaria,152,0.662,15.92,1,0.5531,1.437,0.911,81,High
2014,Bulgaria,152,0.681,16.402,1,0.5505,1.437,0.907,80,High
1990,Comoros,153,0.389,2.453,4,0.229020408,NA,0.445,28,Low
1991,Comoros,153,0.426,2.401,4,0.26592,NA,0.439,29,Low
1992,Comoros,153,0.423,2.43,4,0.30298,NA,0.463,32,Low
1993,Comoros,153,0.341,2.404,4,0.33768,NA,0.47,37,Low
1994,Comoros,153,0.411,2.283,4,0.34814,NA,0.463,39,Low
1995,Comoros,153,0.409,2.302,4,0.3631,NA,0.463,40,Low
1996,Comoros,153,0.324,2.264,4,0.36504,NA,0.463,41,Low
1997,Comoros,153,0.434,2.253,4,0.36898,NA,0.463,41,Low
1998,Comoros,153,0.439,2.213,4,0.37242,NA,0.463,41,Low
1999,Comoros,153,0.305,2.208,4,0.36896,NA,0.454,42,Low
2000,Comoros,153,0.227,2.232,4,0.37548,0.502,0.452,46,Low
2001,Comoros,153,0.23,2.272,4,0.3784,0.502,0.452,47,Low
2002,Comoros,153,0.33,2.28,4,0.38958,0.502,0.452,51,Medium
2003,Comoros,153,0.389,2.26,4,0.401,0.502,0.462,49,Low
2004,Comoros,153,0.426,2.232,4,0.40568,0.502,0.462,51,Medium
2005,Comoros,153,0.452,2.248,4,0.41424,0.502,0.481,54,Medium
2006,Comoros,153,0.449,2.239,4,0.4292,0.502,0.487,56,Medium
2007,Comoros,153,0.447,2.154,4,0.43482,0.502,0.487,55,Medium
2008,Comoros,153,0.447,2.157,4,0.4316,0.502,0.5,58,Medium
2009,Comoros,153,0.45,2.163,4,0.42536,0.502,0.496,58,Medium
2010,Comoros,153,0.443,2.157,4,0.42482,0.502,0.508,57,Medium
2011,Comoros,153,0.47,2.194,4,0.430411765,0.502,0.508,57,Medium
2012,Comoros,153,0.47,2.249,4,0.425352941,0.502,0.508,58,Medium
2013,Comoros,153,0.497,2.314,4,0.425372549,0.502,0.497,60,Medium
2014,Comoros,153,0.497,2.358,4,0.43772549,0.502,0.497,56,Medium
1992,Croatia,154,0.3,10.776,1,0.499296296,NA,0.721,24,Low
1993,Croatia,154,0.374,10.181,1,0.530535714,NA,0.722,33,Low
1994,Croatia,154,0.382,10.49,1,0.52825,NA,0.72,38,Low
1995,Croatia,154,0.383,11.265,1,0.526607143,NA,0.734,43,Low
1996,Croatia,154,0.405,12.031,1,0.523571429,NA,0.739,46,Low
1997,Croatia,154,0.418,12.776,1,0.5335,NA,0.775,50,Low
1998,Croatia,154,0.425,13.294,1,0.530103448,NA,0.774,54,Medium
1999,Croatia,154,0.433,13.636,1,0.525133333,NA,0.784,55,Medium
2000,Croatia,154,0.77,14.131,1,0.529366667,1.745,0.911,58,Medium
2001,Croatia,154,0.769,14.86,1,0.531666667,1.745,0.911,59,Medium
2002,Croatia,154,0.767,15.929,1,0.545966667,1.745,0.911,60,Medium
2003,Croatia,154,0.77,16.96,1,0.550833333,1.745,0.911,63,Medium
2004,Croatia,154,0.752,17.72,1,0.5523,1.745,0.912,63,Medium
2005,Croatia,154,0.77,18.571,1,0.554366667,1.745,0.912,65,Medium
2006,Croatia,154,0.773,19.598,1,0.556466667,1.745,0.912,67,Medium
2007,Croatia,154,0.782,20.568,1,0.5545,1.745,0.914,68,Medium
2008,Croatia,154,0.782,20.944,1,0.551666667,1.745,0.915,70,Medium
2009,Croatia,154,0.789,20.24,1,0.556866667,1.745,0.914,71,High
2010,Croatia,154,0.844,19.978,1,0.561766667,1.745,0.917,73,High
2011,Croatia,154,0.854,20.1,1,0.5646,1.745,0.915,72,High
2012,Croatia,154,0.851,19.913,1,0.5606,1.745,0.913,72,High
2013,Croatia,154,0.835,19.828,1,0.5531,1.745,0.903,77,High
2014,Croatia,154,0.828,19.972,1,0.5505,1.745,0.903,75,High
1990,Cyprus,156,0.751,19.157,5,0.860625,NA,0.722,51,Medium
1991,Cyprus,156,0.765,19.479,5,0.862333333,NA,0.742,53,Medium
1992,Cyprus,156,0.774,20.229,5,0.86475,NA,0.742,56,Medium
1993,Cyprus,156,0.774,20.442,5,0.865791667,NA,0.733,57,Medium
1994,Cyprus,156,0.774,21.127,5,0.86575,NA,0.743,58,Medium
1995,Cyprus,156,0.774,22.052,5,0.865875,NA,0.743,59,Medium
1996,Cyprus,156,0.776,22.19,5,0.867791667,NA,0.752,58,Medium
1997,Cyprus,156,0.776,22.63,5,0.867791667,NA,0.76,58,Medium
1998,Cyprus,156,0.763,23.401,5,0.867,NA,0.76,59,Medium
1999,Cyprus,156,0.762,24.288,5,0.868458333,NA,0.761,61,Medium
2000,Cyprus,156,0.791,25.425,5,0.870625,1.289,0.782,62,Medium
2001,Cyprus,156,0.802,26.115,5,0.869125,1.289,0.806,62,Medium
2002,Cyprus,156,0.808,26.562,5,0.86925,1.289,0.806,61,Medium
2003,Cyprus,156,0.803,26.904,5,0.870166667,1.289,0.806,62,Medium
2004,Cyprus,156,0.826,27.712,5,0.870291667,1.289,0.838,63,Medium
2005,Cyprus,156,0.823,28.51,5,0.871958333,2.177,0.838,63,Medium
2006,Cyprus,156,0.832,29.441,5,0.874458333,2.177,0.833,64,Medium
2007,Cyprus,156,0.838,30.318,5,0.878416667,1.705,0.829,66,Medium
2008,Cyprus,156,0.832,30.729,5,0.881166667,1.705,0.834,67,Medium
2009,Cyprus,156,0.833,30.327,5,0.883125,2.162,0.831,68,Medium
2010,Cyprus,156,0.841,29.881,5,0.884375,2.162,0.846,70,Medium
2011,Cyprus,156,0.842,29.042,5,0.883666667,1.723,0.84,67,Medium
2012,Cyprus,156,0.841,27.951,5,0.883958333,1.723,0.834,68,Medium
2013,Cyprus,156,0.845,26.72,5,0.879083333,2.151,0.85,71,High
2014,Cyprus,156,0.844,26.145,5,0.877583333,2.151,0.859,69,Medium
1993,Czechia,157,0.897,18.292,1,0.530535714,NA,0.872,51,Medium
1994,Czechia,157,0.897,18.721,1,0.52825,NA,0.872,56,Medium
1995,Czechia,157,0.897,19.543,1,0.526607143,NA,0.872,60,Medium
1996,Czechia,157,0.897,20.193,1,0.523571429,NA,0.892,62,Medium
1997,Czechia,157,0.897,20.283,1,0.5335,NA,0.892,62,Medium
1998,Czechia,157,0.889,20.305,1,0.530103448,NA,0.892,63,Medium
1999,Czechia,157,0.882,20.66,1,0.525133333,NA,0.892,66,Medium
2000,Czechia,157,0.882,21.293,1,0.529366667,2.318,0.893,65,Medium
2001,Czechia,157,0.882,22.078,1,0.531666667,2.318,0.893,67,Medium
2002,Czechia,157,0.891,22.913,1,0.545966667,2.318,0.9,68,Medium
2003,Czechia,157,0.898,23.753,1,0.550833333,2.318,0.9,68,Medium
2004,Czechia,157,0.899,24.956,1,0.5523,2.318,0.9,70,Medium
2005,Czechia,157,0.899,26.205,1,0.554366667,2.318,0.9,71,High
2006,Czechia,157,0.904,27.52,1,0.556466667,2.318,0.897,72,High
2007,Czechia,157,0.905,28.736,1,0.5545,2.318,0.895,74,High
2008,Czechia,157,0.905,29.245,1,0.551666667,2.318,0.894,75,High
2009,Czechia,157,0.894,28.985,1,0.556866667,2.318,0.893,77,High
2010,Czechia,157,0.889,28.952,1,0.561766667,2.318,0.914,78,High
2011,Czechia,157,0.898,29.278,1,0.5646,2.318,0.914,76,High
2012,Czechia,157,0.898,29.27,1,0.5606,2.318,0.914,76,High
2013,Czechia,157,0.876,29.454,1,0.5531,2.318,0.911,78,High
2014,Czechia,157,0.864,30.396,1,0.5505,2.318,0.908,78,High
1990,Denmark,158,0.907,30.655,5,0.860625,NA,0.953,101,High
1991,Denmark,158,0.908,31.097,5,0.862333333,NA,0.952,100,High
1992,Denmark,158,0.908,31.711,5,0.86475,NA,0.957,102,High
1993,Denmark,158,0.908,32.058,5,0.865791667,NA,0.957,100,High
1994,Denmark,158,0.908,33.059,5,0.86575,NA,0.957,102,High
1995,Denmark,158,0.907,33.91,5,0.865875,NA,0.959,103,High
1996,Denmark,158,0.907,34.919,5,0.867791667,NA,0.957,101,High
1997,Denmark,158,0.907,35.887,5,0.867791667,NA,0.957,101,High
1998,Denmark,158,0.907,37.212,5,0.867,NA,0.956,106,High
1999,Denmark,158,0.907,38.158,5,0.868458333,NA,0.956,103,High
2000,Denmark,158,0.907,39.078,5,0.870625,1.65,0.957,99,High
2001,Denmark,158,0.907,39.695,5,0.869125,1.65,0.958,99,High
2002,Denmark,158,0.908,40.031,5,0.86925,1.65,0.958,99,High
2003,Denmark,158,0.908,40.248,5,0.870166667,1.65,0.958,99,High
2004,Denmark,158,0.908,40.884,5,0.870291667,1.65,0.958,102,High
2005,Denmark,158,0.919,41.95,5,0.871958333,1.65,0.957,102,High
2006,Denmark,158,0.92,43.169,5,0.874458333,1.65,0.957,102,High
2007,Denmark,158,0.92,43.738,5,0.878416667,1.65,0.956,102,High
2008,Denmark,158,0.922,43.543,5,0.881166667,1.65,0.956,102,High
2009,Denmark,158,0.922,42.681,5,0.883125,1.65,0.956,103,High
2010,Denmark,158,0.922,42.856,5,0.884375,1.65,0.957,102,High
2011,Denmark,158,0.922,43.077,5,0.883666667,1.65,0.957,102,High
2012,Denmark,158,0.923,42.932,5,0.883958333,1.65,0.959,101,High
2013,Denmark,158,0.923,43.187,5,0.879083333,1.65,0.957,103,High
2014,Denmark,158,0.923,43.898,5,0.877583333,1.65,0.958,100,High
1991,Estonia,161,0.611,12.17,1,0.473461538,NA,0.813,8,Low
1992,Estonia,161,0.452,11.046,1,0.499296296,NA,0.814,23,Low
1993,Estonia,161,0.884,10.532,1,0.530535714,NA,0.889,27,Low
1994,Estonia,161,0.87,10.486,1,0.52825,NA,0.877,37,Low
1995,Estonia,161,0.868,11.049,1,0.526607143,NA,0.888,38,Low
1996,Estonia,161,0.867,11.713,1,0.523571429,NA,0.89,39,Low
1997,Estonia,161,0.867,12.75,1,0.5335,NA,0.89,41,Low
1998,Estonia,161,0.867,13.431,1,0.530103448,NA,0.89,43,Low
1999,Estonia,161,0.866,13.919,1,0.525133333,NA,0.904,44,Low
2000,Estonia,161,0.866,14.923,1,0.529366667,2.053,0.913,45,Low
2001,Estonia,161,0.866,15.848,1,0.531666667,2.053,0.913,46,Low
2002,Estonia,161,0.867,16.67,1,0.545966667,2.053,0.913,48,Low
2003,Estonia,161,0.868,17.905,1,0.550833333,2.053,0.915,47,Low
2004,Estonia,161,0.872,19.257,1,0.5523,2.053,0.915,54,Medium
2005,Estonia,161,0.872,20.986,1,0.554366667,2.053,0.915,60,Medium
2006,Estonia,161,0.872,22.966,1,0.556466667,2.053,0.915,61,Medium
2007,Estonia,161,0.871,24.39,1,0.5545,2.053,0.919,61,Medium
2008,Estonia,161,0.871,23.946,1,0.551666667,2.053,0.923,63,Medium
2009,Estonia,161,0.872,22.492,1,0.556866667,2.053,0.926,65,Medium
2010,Estonia,161,0.878,22.56,1,0.561766667,2.053,0.926,67,Medium
2011,Estonia,161,0.879,23.721,1,0.5646,2.053,0.92,68,Medium
2012,Estonia,161,0.879,24.644,1,0.5606,2.053,0.921,70,Medium
2013,Estonia,161,0.875,25.263,1,0.5531,2.053,0.928,71,High
2014,Estonia,161,0.883,26.008,1,0.5505,2.053,0.928,70,Medium
1990,Finland,163,0.857,26.468,5,0.860625,NA,0.932,88,High
1991,Finland,163,0.862,25.312,5,0.862333333,NA,0.936,89,High
1992,Finland,163,0.863,24.37,5,0.86475,NA,0.936,93,High
1993,Finland,163,0.872,24.233,5,0.865791667,NA,0.936,93,High
1994,Finland,163,0.871,24.99,5,0.86575,NA,0.936,95,High
1995,Finland,163,0.87,25.946,5,0.865875,NA,0.933,97,High
1996,Finland,163,0.869,26.978,5,0.867791667,NA,0.936,101,High
1997,Finland,163,0.869,28.61,5,0.867791667,NA,0.936,100,High
1998,Finland,163,0.869,30.208,5,0.867,NA,0.936,104,High
1999,Finland,163,0.868,31.649,5,0.868458333,NA,0.936,102,High
2000,Finland,163,0.868,32.989,5,0.870625,1.888,0.94,99,High
2001,Finland,163,0.868,33.743,5,0.869125,1.888,0.944,99,High
2002,Finland,163,0.868,34.307,5,0.86925,1.888,0.944,100,High
2003,Finland,163,0.872,34.781,5,0.870166667,1.888,0.945,100,High
2004,Finland,163,0.873,35.988,5,0.870291667,1.888,0.945,100,High
2005,Finland,163,0.873,36.846,5,0.871958333,1.888,0.945,102,High
2006,Finland,163,0.88,38.149,5,0.874458333,1.888,0.945,102,High
2007,Finland,163,0.88,39.596,5,0.878416667,1.888,0.946,103,High
2008,Finland,163,0.879,39.771,5,0.881166667,1.888,0.946,103,High
2009,Finland,163,0.879,38.226,5,0.883125,1.888,0.946,103,High
2010,Finland,163,0.879,38.157,5,0.884375,1.888,0.946,103,High
2011,Finland,163,0.882,38.555,5,0.883666667,1.888,0.947,101,High
2012,Finland,163,0.884,38.229,5,0.883958333,1.888,0.947,101,High
2013,Finland,163,0.885,37.845,5,0.879083333,1.888,0.948,103,High
2014,Finland,163,0.885,37.556,5,0.877583333,1.888,0.948,102,High
1990,Greece,164,0.877,18.326,5,0.860625,NA,0.87,80,High
1991,Greece,164,0.877,18.793,5,0.862333333,NA,0.87,79,High
1992,Greece,164,0.877,18.854,5,0.86475,NA,0.87,83,High
1993,Greece,164,0.877,18.916,5,0.865791667,NA,0.876,80,High
1994,Greece,164,0.879,19.274,5,0.86575,NA,0.876,83,High
1995,Greece,164,0.879,19.728,5,0.865875,NA,0.876,84,High
1996,Greece,164,0.88,20.25,5,0.867791667,NA,0.878,83,High
1997,Greece,164,0.88,21.113,5,0.867791667,NA,0.893,83,High
1998,Greece,164,0.88,21.947,5,0.867,NA,0.893,85,High
1999,Greece,164,0.88,22.595,5,0.868458333,NA,0.893,84,High
2000,Greece,164,0.881,23.381,5,0.870625,1.774,0.902,81,High
2001,Greece,164,0.885,24.428,5,0.869125,1.774,0.898,84,High
2002,Greece,164,0.885,25.848,5,0.86925,1.774,0.898,83,High
2003,Greece,164,0.885,26.962,5,0.870166667,1.774,0.898,83,High
2004,Greece,164,0.884,27.991,5,0.870291667,1.774,0.913,84,High
2005,Greece,164,0.883,28.666,5,0.871958333,1.774,0.913,85,High
2006,Greece,164,0.883,29.785,5,0.874458333,1.774,0.915,85,High
2007,Greece,164,0.888,30.45,5,0.878416667,1.774,0.916,87,High
2008,Greece,164,0.896,30.426,5,0.881166667,1.774,0.919,87,High
2009,Greece,164,0.894,29.326,5,0.883125,1.774,0.922,87,High
2010,Greece,164,0.896,27.644,5,0.884375,1.111,0.925,88,High
2011,Greece,164,0.895,25.564,5,0.883666667,1.111,0.925,86,High
2012,Greece,164,0.893,24.156,5,0.883958333,1.111,0.927,85,High
2013,Greece,164,0.882,23.645,5,0.879083333,1.111,0.927,87,High
2014,Greece,164,0.881,23.627,5,0.877583333,1.111,0.929,85,High
1990,Guyana,166,0.316,3.222,2,0.55928,NA,0.796,41,Low
1991,Guyana,166,0.309,3.405,2,0.57996,NA,0.796,42,Low
1992,Guyana,166,0.357,3.641,2,0.5848,NA,0.742,40,Low
1993,Guyana,166,0.445,3.916,2,0.59928,NA,0.721,42,Low
1994,Guyana,166,0.445,4.213,2,0.60964,NA,0.721,50,Low
1995,Guyana,166,0.445,4.484,2,0.61876,NA,0.721,50,Low
1996,Guyana,166,0.445,4.757,2,0.63376,NA,0.746,51,Medium
1997,Guyana,166,0.456,5.011,2,0.64032,NA,0.737,52,Medium
1998,Guyana,166,0.531,5.113,2,0.64624,NA,0.813,55,Medium
1999,Guyana,166,0.528,5.236,2,0.6428,NA,0.803,56,Medium
2000,Guyana,166,0.526,5.365,2,0.6508,1.08,0.801,57,Medium
2001,Guyana,166,0.557,5.567,2,0.66144,1.08,0.808,57,Medium
2002,Guyana,166,0.572,5.838,2,0.66508,1.08,0.808,55,Medium
2003,Guyana,166,0.59,6.105,2,0.66888,1.08,0.808,54,Medium
2004,Guyana,166,0.59,6.38,2,0.66472,1.08,0.828,56,Medium
2005,Guyana,166,0.59,6.634,2,0.66496,1.08,0.828,57,Medium
2006,Guyana,166,0.586,7.042,2,0.66556,1.08,0.848,56,Medium
2007,Guyana,166,0.584,7.468,2,0.66224,1.08,0.848,58,Medium
2008,Guyana,166,0.585,7.693,2,0.66204,1.08,0.854,59,Medium
2009,Guyana,166,0.583,7.966,2,0.66192,1.08,0.849,59,Medium
2010,Guyana,166,0.587,8.303,2,0.65984,1.08,0.863,59,Medium
2011,Guyana,166,0.586,8.664,2,0.65932,1.08,0.865,58,Medium
2012,Guyana,166,0.591,9.047,2,0.65672,1.08,0.865,58,Medium
2013,Guyana,166,0.62,9.301,2,0.64816,1.08,0.853,59,Medium
2014,Guyana,166,0.616,9.484,2,0.64972,1.08,0.853,58,Medium
1990,Iceland,168,0.869,32.719,5,0.860625,NA,0.874,52,Medium
1991,Iceland,168,0.866,32.46,5,0.862333333,NA,0.885,53,Medium
1992,Iceland,168,0.865,31.753,5,0.86475,NA,0.887,53,Medium
1993,Iceland,168,0.865,31.707,5,0.865791667,NA,0.887,53,Medium
1994,Iceland,168,0.865,32.114,5,0.86575,NA,0.887,55,Medium
1995,Iceland,168,0.868,32.37,5,0.865875,NA,0.89,58,Medium
1996,Iceland,168,0.874,33.386,5,0.867791667,NA,0.9,59,Medium
1997,Iceland,168,0.874,35.309,5,0.867791667,NA,0.9,58,Medium
1998,Iceland,168,0.874,37.092,5,0.867,NA,0.9,60,Medium
1999,Iceland,168,0.874,38.55,5,0.868458333,NA,0.911,59,Medium
2000,Iceland,168,0.874,39.533,5,0.870625,1.863,0.918,57,Medium
2001,Iceland,168,0.874,40.066,5,0.869125,1.863,0.921,58,Medium
2002,Iceland,168,0.874,40.375,5,0.86925,1.863,0.921,62,Medium
2003,Iceland,168,0.874,41.139,5,0.870166667,1.863,0.919,62,Medium
2004,Iceland,168,0.874,42.918,5,0.870291667,1.863,0.919,66,Medium
2005,Iceland,168,0.871,44.539,5,0.871958333,1.863,0.919,66,Medium
2006,Iceland,168,0.871,46.039,5,0.874458333,1.863,0.917,67,Medium
2007,Iceland,168,0.88,47.44,5,0.878416667,1.863,0.919,68,Medium
2008,Iceland,168,0.888,47.974,5,0.881166667,1.863,0.918,69,Medium
2009,Iceland,168,0.889,45.51,5,0.883125,1.863,0.924,70,Medium
2010,Iceland,168,0.885,43.897,5,0.884375,1.863,0.921,70,Medium
2011,Iceland,168,0.885,43.848,5,0.883666667,1.863,0.921,70,Medium
2012,Iceland,168,0.88,44.297,5,0.883958333,1.863,0.923,69,Medium
2013,Iceland,168,0.865,45.157,5,0.879083333,1.863,0.918,73,High
2014,Iceland,168,0.864,46.093,5,0.877583333,1.863,0.92,72,High
1990,Israel,169,0.769,22.641,3,0.182714286,NA,0.832,54,Medium
1991,Israel,169,0.773,23.425,3,0.1921,NA,0.833,54,Medium
1992,Israel,169,0.763,24.118,3,0.1906,NA,0.844,54,Medium
1993,Israel,169,0.761,24.752,3,0.1949,NA,0.844,54,Medium
1994,Israel,169,0.77,25.763,3,0.20005,NA,0.844,56,Medium
1995,Israel,169,0.77,27.101,3,0.20005,NA,0.844,58,Medium
1996,Israel,169,0.769,27.834,3,0.2232,NA,0.837,56,Medium
1997,Israel,169,0.769,28.656,3,0.22805,NA,0.837,57,Medium
1998,Israel,169,0.769,29.2,3,0.2291,NA,0.837,57,Medium
1999,Israel,169,0.77,29.702,3,0.2315,NA,0.853,57,Medium
2000,Israel,169,0.771,30.713,3,0.23545,0.642,0.853,57,Medium
2001,Israel,169,0.764,30.695,3,0.2408,0.642,0.857,58,Medium
2002,Israel,169,0.762,30.259,3,0.2485,0.642,0.857,57,Medium
2003,Israel,169,0.759,29.886,3,0.2582,0.642,0.867,56,Medium
2004,Israel,169,0.759,29.96,3,0.26205,0.642,0.867,57,Medium
2005,Israel,169,0.759,30.117,3,0.2681,0.642,0.867,58,Medium
2006,Israel,169,0.762,30.61,3,0.27665,0.642,0.862,60,Medium
2007,Israel,169,0.758,31.304,3,0.26347619,0.642,0.865,60,Medium
2008,Israel,169,0.758,31.601,3,0.255904762,0.642,0.865,61,Medium
2009,Israel,169,0.76,31.78,3,0.255666667,0.642,0.874,61,Medium
2010,Israel,169,0.755,32.581,3,0.254619048,0.642,0.873,63,Medium
2011,Israel,169,0.755,33.194,3,0.266190476,0.642,0.87,62,Medium
2012,Israel,169,0.755,33.795,3,0.301238095,0.642,0.871,63,Medium
2013,Israel,169,0.735,34.55,3,0.302190476,0.642,0.874,65,Medium
2014,Israel,169,0.734,35.215,3,0.282619048,0.642,0.874,63,Medium
1990,Kuwait,171,0.088,22.076,3,0.182714286,NA,0.271,54,Medium
1991,Kuwait,171,0.111,19.47,3,0.1921,NA,0.266,54,Medium
1992,Kuwait,171,0.203,26.029,3,0.1906,NA,0.311,54,Medium
1993,Kuwait,171,0.285,34.631,3,0.1949,NA,0.311,55,Medium
1994,Kuwait,171,0.285,40.49,3,0.20005,NA,0.311,56,Medium
1995,Kuwait,171,0.285,44.286,3,0.20005,NA,0.311,57,Medium
1996,Kuwait,171,0.286,45.846,3,0.2232,NA,0.311,56,Medium
1997,Kuwait,171,0.288,45.799,3,0.22805,NA,0.311,56,Medium
1998,Kuwait,171,0.289,45.284,3,0.2291,NA,0.311,58,Medium
1999,Kuwait,171,0.288,43.71,3,0.2315,NA,0.342,57,Medium
2000,Kuwait,171,0.287,43.56,3,0.23545,-0.785,0.329,57,Medium
2001,Kuwait,171,0.27,42.85,3,0.2408,-0.785,0.329,56,Medium
2002,Kuwait,171,0.282,44.682,3,0.2485,-0.785,0.324,55,Medium
2003,Kuwait,171,0.288,50.066,3,0.2582,-0.785,0.328,57,Medium
2004,Kuwait,171,0.288,56.144,3,0.26205,-0.785,0.328,58,Medium
2005,Kuwait,171,0.331,61.947,3,0.2681,-0.785,0.363,58,Medium
2006,Kuwait,171,0.329,65.942,3,0.27665,-0.785,0.371,58,Medium
2007,Kuwait,171,0.324,66.989,3,0.26347619,-0.785,0.375,58,Medium
2008,Kuwait,171,0.326,65.803,3,0.255904762,-0.892,0.382,59,Medium
2009,Kuwait,171,0.327,59.3,3,0.255666667,-0.892,0.418,59,Medium
2010,Kuwait,171,0.329,57.273,3,0.254619048,-1.047,0.418,59,Medium
2011,Kuwait,171,0.329,59.178,3,0.266190476,-1.149,0.418,59,Medium
2012,Kuwait,171,0.318,59.686,3,0.301238095,-1.149,0.408,59,Medium
2013,Kuwait,171,0.319,58.109,3,0.302190476,-1.149,0.408,60,Medium
2014,Kuwait,171,0.322,54.724,3,0.282619048,-1.149,0.396,57,Medium
1991,Lithuania,173,0.795,12.399,1,0.473461538,NA,0.833,13,Low
1992,Lithuania,173,0.805,10.77,1,0.499296296,NA,0.827,22,Low
1993,Lithuania,173,0.82,9.542,1,0.530535714,NA,0.827,27,Low
1994,Lithuania,173,0.838,9.008,1,0.52825,NA,0.827,33,Low
1995,Lithuania,173,0.838,9.17,1,0.526607143,NA,0.827,39,Low
1996,Lithuania,173,0.83,9.631,1,0.523571429,NA,0.882,39,Low
1997,Lithuania,173,0.831,10.34,1,0.5335,NA,0.892,42,Low
1998,Lithuania,173,0.829,10.995,1,0.530103448,NA,0.892,45,Low
1999,Lithuania,173,0.83,11.313,1,0.525133333,NA,0.892,46,Low
2000,Lithuania,173,0.826,11.926,1,0.529366667,1.658,0.864,46,Low
2001,Lithuania,173,0.823,12.74,1,0.531666667,1.658,0.87,50,Low
2002,Lithuania,173,0.823,13.714,1,0.545966667,1.658,0.87,50,Low
2003,Lithuania,173,0.823,14.992,1,0.550833333,1.658,0.87,54,Medium
2004,Lithuania,173,0.827,16.139,1,0.5523,1.658,0.923,60,Medium
2005,Lithuania,173,0.826,17.531,1,0.554366667,1.658,0.923,63,Medium
2006,Lithuania,173,0.828,19.073,1,0.556466667,1.658,0.93,64,Medium
2007,Lithuania,173,0.828,20.653,1,0.5545,1.658,0.923,65,Medium
2008,Lithuania,173,0.829,21.369,1,0.551666667,1.658,0.929,70,Medium
2009,Lithuania,173,0.849,20.213,1,0.556866667,1.658,0.918,70,Medium
2010,Lithuania,173,0.849,20.72,1,0.561766667,1.658,0.92,70,Medium
2011,Lithuania,173,0.849,21.972,1,0.5646,1.658,0.913,70,Medium
2012,Lithuania,173,0.845,23.286,1,0.5606,1.658,0.924,71,High
2013,Lithuania,173,0.835,24.478,1,0.5531,1.658,0.903,71,High
2014,Lithuania,173,0.836,25.444,1,0.5505,1.658,0.898,69,Medium
1990,Luxembourg,174,0.876,46,5,0.860625,NA,0.85,74,High
1991,Luxembourg,174,0.876,49.402,5,0.862333333,NA,0.851,75,High
1992,Luxembourg,174,0.876,50.376,5,0.86475,NA,0.851,78,High
1993,Luxembourg,174,0.876,52.21,5,0.865791667,NA,0.851,75,High
1994,Luxembourg,174,0.875,53.63,5,0.86575,NA,0.868,77,High
1995,Luxembourg,174,0.874,54.221,5,0.865875,NA,0.868,79,High
1996,Luxembourg,174,0.874,55.058,5,0.867791667,NA,0.864,78,High
1997,Luxembourg,174,0.874,57.222,5,0.867791667,NA,0.864,78,High
1998,Luxembourg,174,0.874,60.463,5,0.867,NA,0.864,81,High
1999,Luxembourg,174,0.875,64.833,5,0.868458333,NA,0.859,80,High
2000,Luxembourg,174,0.877,67.892,5,0.870625,1.921,0.869,78,High
2001,Luxembourg,174,0.877,68.898,5,0.869125,1.921,0.869,78,High
2002,Luxembourg,174,0.877,69.908,5,0.86925,1.921,0.861,77,High
2003,Luxembourg,174,0.877,70.772,5,0.870166667,1.921,0.861,78,High
2004,Luxembourg,174,0.876,71.892,5,0.870291667,1.921,0.87,79,High
2005,Luxembourg,174,0.875,73.738,5,0.871958333,1.921,0.87,80,High
2006,Luxembourg,174,0.875,76.289,5,0.874458333,1.921,0.87,81,High
2007,Luxembourg,174,0.875,78.581,5,0.878416667,1.921,0.866,83,High
2008,Luxembourg,174,0.875,77.55,5,0.881166667,1.921,0.866,82,High
2009,Luxembourg,174,0.88,75.345,5,0.883125,1.921,0.871,81,High
2010,Luxembourg,174,0.883,76.428,5,0.884375,1.921,0.872,81,High
2011,Luxembourg,174,0.883,76.888,5,0.883666667,1.921,0.878,82,High
2012,Luxembourg,174,0.883,76.508,5,0.883958333,1.921,0.878,81,High
2013,Luxembourg,174,0.882,77.151,5,0.879083333,1.921,0.876,82,High
2014,Luxembourg,174,0.879,79.722,5,0.877583333,1.921,0.882,85,High
1990,Malaysia,177,0.258,9.323,6,0.321357143,NA,0.621,64,Medium
1991,Malaysia,177,0.256,9.982,6,0.325642857,NA,0.621,63,Medium
1992,Malaysia,177,0.256,10.675,6,0.337857143,NA,0.621,63,Medium
1993,Malaysia,177,0.256,11.38,6,0.356714286,NA,0.621,63,Medium
1994,Malaysia,177,0.256,12.186,6,0.360178571,NA,0.621,67,Medium
1995,Malaysia,177,0.255,13.028,6,0.362964286,NA,0.631,70,Medium
1996,Malaysia,177,0.254,13.737,6,0.362714286,NA,0.631,69,Medium
1997,Malaysia,177,0.254,14.147,6,0.378107143,NA,0.631,72,High
1998,Malaysia,177,0.254,13.704,6,0.385428571,NA,0.631,73,High
1999,Malaysia,177,0.263,13.897,6,0.393392857,NA,0.628,74,High
2000,Malaysia,177,0.273,14.404,6,0.38625,0.008,0.627,73,High
2001,Malaysia,177,0.277,14.507,6,0.382964286,0.008,0.627,76,High
2002,Malaysia,177,0.277,14.926,6,0.406392857,0.008,0.645,78,High
2003,Malaysia,177,0.279,15.526,6,0.417714286,0.008,0.638,76,High
2004,Malaysia,177,0.3,16.217,6,0.417178571,0.008,0.651,76,High
2005,Malaysia,177,0.302,16.868,6,0.419071429,0.008,0.651,77,High
2006,Malaysia,177,0.303,17.526,6,0.402428571,0.008,0.651,76,High
2007,Malaysia,177,0.302,18.29,6,0.388678571,0.008,0.656,76,High
2008,Malaysia,177,0.316,18.857,6,0.424071429,0.008,0.662,77,High
2009,Malaysia,177,0.319,18.794,6,0.445964286,0.008,0.662,77,High
2010,Malaysia,177,0.32,19.488,6,0.450071429,0.008,0.661,78,High
2011,Malaysia,177,0.318,20.34,6,0.456,0.008,0.664,77,High
2012,Malaysia,177,0.318,20.95,6,0.452357143,0.008,0.664,77,High
2013,Malaysia,177,0.315,21.785,6,0.439892857,0.008,0.665,79,High
2014,Malaysia,177,0.314,22.55,6,0.435928571,0.008,0.665,78,High
1990,Malta,178,0.734,14.73,5,0.860625,NA,0.731,42,Low
1991,Malta,178,0.741,15.465,5,0.862333333,NA,0.731,44,Low
1992,Malta,178,0.778,15.952,5,0.86475,NA,0.722,43,Low
1993,Malta,178,0.784,16.632,5,0.865791667,NA,0.722,44,Low
1994,Malta,178,0.784,17.363,5,0.86575,NA,0.722,47,Low
1995,Malta,178,0.784,18.221,5,0.865875,NA,0.722,49,Low
1996,Malta,178,0.795,18.897,5,0.867791667,NA,0.75,48,Low
1997,Malta,178,0.798,19.995,5,0.867791667,NA,0.75,51,Medium
1998,Malta,178,0.797,21.121,5,0.867,NA,0.77,51,Medium
1999,Malta,178,0.796,22.237,5,0.868458333,NA,0.771,51,Medium
2000,Malta,178,0.796,23.151,5,0.870625,1.871,0.771,53,Medium
2001,Malta,178,0.796,23.314,5,0.869125,1.871,0.771,54,Medium
2002,Malta,178,0.796,23.827,5,0.86925,1.871,0.771,54,Medium
2003,Malta,178,0.796,24.278,5,0.870166667,1.871,0.771,54,Medium
2004,Malta,178,0.796,24.441,5,0.870291667,1.871,0.816,58,Medium
2005,Malta,178,0.796,24.848,5,0.871958333,1.871,0.816,60,Medium
2006,Malta,178,0.796,25.38,5,0.874458333,1.871,0.816,60,Medium
2007,Malta,178,0.792,26.062,5,0.878416667,1.871,0.816,61,Medium
2008,Malta,178,0.809,26.623,5,0.881166667,1.871,0.819,63,Medium
2009,Malta,178,0.827,26.576,5,0.883125,1.871,0.819,63,Medium
2010,Malta,178,0.827,27.206,5,0.884375,1.871,0.826,64,Medium
2011,Malta,178,0.827,27.724,5,0.883666667,1.871,0.826,63,Medium
2012,Malta,178,0.82,28.404,5,0.883958333,1.871,0.826,64,Medium
2013,Malta,178,0.796,29.343,5,0.879083333,1.871,0.846,66,Medium
2014,Malta,178,0.782,31.123,5,0.877583333,1.871,0.846,65,Medium
1990,Mauritius,180,0.734,10.36,4,0.229020408,NA,0.715,47,Low
1991,Mauritius,180,0.736,10.802,4,0.26592,NA,0.692,47,Low
1992,Mauritius,180,0.742,11.284,4,0.30298,NA,0.691,49,Low
1993,Mauritius,180,0.75,11.721,4,0.33768,NA,0.691,50,Low
1994,Mauritius,180,0.75,12.158,4,0.34814,NA,0.691,53,Medium
1995,Mauritius,180,0.75,12.716,4,0.3631,NA,0.718,54,Medium
1996,Mauritius,180,0.749,13.329,4,0.36504,NA,0.718,53,Medium
1997,Mauritius,180,0.749,13.768,4,0.36898,NA,0.718,56,Medium
1998,Mauritius,180,0.749,14.243,4,0.37242,NA,0.718,57,Medium
1999,Mauritius,180,0.749,14.501,4,0.36896,NA,0.715,58,Medium
2000,Mauritius,180,0.751,14.926,4,0.37548,-0.257,0.713,57,Medium
2001,Mauritius,180,0.75,15.12,4,0.3784,-0.257,0.713,56,Medium
2002,Mauritius,180,0.755,15.281,4,0.38958,-0.257,0.713,61,Medium
2003,Mauritius,180,0.755,15.546,4,0.401,-0.257,0.713,60,Medium
2004,Mauritius,180,0.755,15.936,4,0.40568,-0.257,0.725,61,Medium
2005,Mauritius,180,0.76,15.972,4,0.41424,-0.257,0.781,61,Medium
2006,Mauritius,180,0.763,16.476,4,0.4292,-0.257,0.777,62,Medium
2007,Mauritius,180,0.763,17.173,4,0.43482,-0.257,0.777,63,Medium
2008,Mauritius,180,0.763,17.635,4,0.4316,-0.257,0.777,68,Medium
2009,Mauritius,180,0.763,18.081,4,0.42536,-0.257,0.777,68,Medium
2010,Mauritius,180,0.773,18.613,4,0.42482,-0.257,0.813,69,Medium
2011,Mauritius,180,0.772,19.235,4,0.430411765,-0.257,0.813,68,Medium
2012,Mauritius,180,0.772,19.812,4,0.425352941,-0.257,0.815,67,Medium
2013,Mauritius,180,0.765,20.351,4,0.425372549,-0.257,0.849,72,High
2014,Mauritius,180,0.753,21.007,4,0.43772549,-0.465,0.814,70,Medium
2006,Montenegro,183,0.497,10.754,1,0.556466667,1.593,0.731,23,Low
2007,Montenegro,183,0.49,11.872,1,0.5545,1.593,0.765,42,Low
2008,Montenegro,183,0.501,12.577,1,0.551666667,1.593,0.765,46,Low
2009,Montenegro,183,0.505,12.574,1,0.556866667,1.593,0.765,47,Low
2010,Montenegro,183,0.505,12.864,1,0.561766667,1.593,0.765,49,Low
2011,Montenegro,183,0.505,13.209,1,0.5646,1.593,0.765,50,Low
2012,Montenegro,183,0.502,13.235,1,0.5606,1.593,0.798,54,Medium
2013,Montenegro,183,0.477,13.555,1,0.5531,1.593,0.794,56,Medium
2014,Montenegro,183,0.469,13.885,1,0.5505,1.593,0.807,56,Medium
1990,Norway,186,0.884,32.341,5,0.860625,NA,0.945,93,High
1991,Norway,186,0.884,33.186,5,0.862333333,NA,0.945,92,High
1992,Norway,186,0.884,34.343,5,0.86475,NA,0.946,95,High
1993,Norway,186,0.885,35.305,5,0.865791667,NA,0.946,95,High
1994,Norway,186,0.887,36.66,5,0.86575,NA,0.946,99,High
1995,Norway,186,0.887,38.324,5,0.865875,NA,0.946,100,High
1996,Norway,186,0.887,40.311,5,0.867791667,NA,0.945,100,High
1997,Norway,186,0.886,42.305,5,0.867791667,NA,0.944,99,High
1998,Norway,186,0.883,43.398,5,0.867,NA,0.948,104,High
1999,Norway,186,0.883,45.088,5,0.868458333,NA,0.948,102,High
2000,Norway,186,0.891,47.435,5,0.870625,2.096,0.95,98,High
2001,Norway,186,0.891,48.617,5,0.869125,2.096,0.948,99,High
2002,Norway,186,0.893,50.371,5,0.86925,2.096,0.95,101,High
2003,Norway,186,0.893,51.635,5,0.870166667,2.096,0.95,102,High
2004,Norway,186,0.893,53.677,5,0.870291667,2.096,0.95,101,High
2005,Norway,186,0.894,56.053,5,0.871958333,2.096,0.949,101,High
2006,Norway,186,0.895,57.93,5,0.874458333,2.096,0.949,101,High
2007,Norway,186,0.895,59.041,5,0.878416667,2.096,0.953,101,High
2008,Norway,186,0.895,59.583,5,0.881166667,2.096,0.949,104,High
2009,Norway,186,0.897,58.529,5,0.883125,2.096,0.951,104,High
2010,Norway,186,0.903,58.425,5,0.884375,2.096,0.952,104,High
2011,Norway,186,0.902,58.633,5,0.883666667,2.096,0.95,105,High
2012,Norway,186,0.902,59.566,5,0.883958333,2.096,0.952,104,High
2013,Norway,186,0.889,59.417,5,0.879083333,2.096,0.95,107,High
2014,Norway,186,0.891,59.285,5,0.877583333,2.096,0.949,105,High
1990,Paraguay,189,0.39,5.203,2,0.55928,NA,0.496,49,Low
1991,Paraguay,189,0.404,5.288,2,0.57996,NA,0.496,51,Medium
1992,Paraguay,189,0.481,5.326,2,0.5848,NA,0.527,55,Medium
1993,Paraguay,189,0.518,5.427,2,0.59928,NA,0.551,56,Medium
1994,Paraguay,189,0.524,5.535,2,0.60964,NA,0.551,61,Medium
1995,Paraguay,189,0.524,5.631,2,0.61876,NA,0.551,63,Medium
1996,Paraguay,189,0.529,5.661,2,0.63376,NA,0.551,62,Medium
1997,Paraguay,189,0.535,5.672,2,0.64032,NA,0.551,63,Medium
1998,Paraguay,189,0.541,5.615,2,0.64624,NA,0.551,65,Medium
1999,Paraguay,189,0.544,5.419,2,0.6428,NA,0.551,64,Medium
2000,Paraguay,189,0.544,5.27,2,0.6508,1.855,0.621,65,Medium
2001,Paraguay,189,0.544,5.281,2,0.66144,1.855,0.613,67,Medium
2002,Paraguay,189,0.544,5.644,2,0.66508,1.855,0.613,68,Medium
2003,Paraguay,189,0.573,5.825,2,0.66888,1.855,0.658,69,Medium
2004,Paraguay,189,0.603,5.962,2,0.66472,1.855,0.666,70,Medium
2005,Paraguay,189,0.603,6.01,2,0.66496,1.855,0.666,72,High
2006,Paraguay,189,0.603,6.178,2,0.66556,1.855,0.666,71,High
2007,Paraguay,189,0.603,6.42,2,0.66224,1.855,0.666,73,High
2008,Paraguay,189,0.625,6.729,2,0.66204,1.855,0.701,73,High
2009,Paraguay,189,0.64,6.935,2,0.66192,1.855,0.703,75,High
2010,Paraguay,189,0.645,7.421,2,0.65984,1.855,0.703,76,High
2011,Paraguay,189,0.634,7.723,2,0.65932,1.855,0.705,75,High
2012,Paraguay,189,0.615,7.844,2,0.65672,1.855,0.691,75,High
2013,Paraguay,189,0.592,8.231,2,0.64816,1.855,0.677,76,High
2014,Paraguay,189,0.602,8.533,2,0.64972,1.855,0.69,75,High
1990,Romania,190,0.517,6.655,1,0.479782609,NA,0.758,52,Medium
1991,Romania,190,0.543,6.385,1,0.473461538,NA,0.757,52,Medium
1992,Romania,190,0.557,6.114,1,0.499296296,NA,0.766,53,Medium
1993,Romania,190,0.565,6.17,1,0.530535714,NA,0.777,58,Medium
1994,Romania,190,0.565,6.46,1,0.52825,NA,0.777,61,Medium
1995,Romania,190,0.565,6.776,1,0.526607143,NA,0.777,64,Medium
1996,Romania,190,0.579,6.977,1,0.523571429,NA,0.798,66,Medium
1997,Romania,190,0.625,6.9,1,0.5335,NA,0.799,66,Medium
1998,Romania,190,0.625,6.814,1,0.530103448,NA,0.799,68,Medium
1999,Romania,190,0.625,6.9,1,0.525133333,NA,0.799,68,Medium
2000,Romania,190,0.617,7.139,1,0.529366667,2.083,0.825,68,Medium
2001,Romania,190,0.6,7.638,1,0.531666667,2.083,0.825,72,High
2002,Romania,190,0.6,8.442,1,0.545966667,2.083,0.825,72,High
2003,Romania,190,0.611,9.036,1,0.550833333,2.083,0.825,70,Medium
2004,Romania,190,0.594,9.864,1,0.5523,2.083,0.829,73,High
2005,Romania,190,0.607,10.553,1,0.554366667,2.083,0.829,72,High
2006,Romania,190,0.611,11.61,1,0.556466667,2.083,0.828,72,High
2007,Romania,190,0.612,12.741,1,0.5545,2.083,0.836,75,High
2008,Romania,190,0.621,13.831,1,0.551666667,1.788,0.836,79,High
2009,Romania,190,0.669,13.989,1,0.556866667,1.788,0.83,80,High
2010,Romania,190,0.682,14.021,1,0.561766667,1.788,0.832,81,High
2011,Romania,190,0.686,14.281,1,0.5646,1.788,0.832,80,High
2012,Romania,190,0.676,14.726,1,0.5606,1.788,0.846,81,High
2013,Romania,190,0.671,15.209,1,0.5531,1.788,0.836,82,High
2014,Romania,190,0.676,15.769,1,0.5505,1.788,0.838,81,High
1990,Seychelles,199,0.214,14.121,4,0.229020408,NA,0.691,32,Low
1991,Seychelles,199,0.222,14.704,4,0.26592,NA,0.703,32,Low
1992,Seychelles,199,0.283,15.413,4,0.30298,NA,0.741,32,Low
1993,Seychelles,199,0.342,16.071,4,0.33768,NA,0.791,35,Low
1994,Seychelles,199,0.353,16.216,4,0.34814,NA,0.792,37,Low
1995,Seychelles,199,0.365,16.035,4,0.3631,NA,0.792,37,Low
1996,Seychelles,199,0.359,16.456,4,0.36504,NA,0.792,36,Low
1997,Seychelles,199,0.363,17.787,4,0.36898,NA,0.792,38,Low
1998,Seychelles,199,0.369,18.702,4,0.37242,NA,0.784,38,Low
1999,Seychelles,199,0.371,19.204,4,0.36896,NA,0.784,39,Low
2000,Seychelles,199,0.371,19.147,4,0.37548,1.531,0.806,40,Low
2001,Seychelles,199,0.361,18.727,4,0.3784,1.531,0.806,41,Low
2002,Seychelles,199,0.367,18.648,4,0.38958,1.531,0.818,45,Low
2003,Seychelles,199,0.395,18.077,4,0.401,1.531,0.818,45,Low
2004,Seychelles,199,0.439,17.704,4,0.40568,1.531,0.818,47,Low
2005,Seychelles,199,0.439,18.638,4,0.41424,1.531,0.818,46,Low
2006,Seychelles,199,0.453,20.011,4,0.4292,1.531,0.814,46,Low
2007,Seychelles,199,0.48,21.081,4,0.43482,1.531,0.801,46,Low
2008,Seychelles,199,0.479,20.672,4,0.4316,1.531,0.804,48,Low
2009,Seychelles,199,0.478,20.659,4,0.42536,1.531,0.804,47,Low
2010,Seychelles,199,0.478,21.349,4,0.42482,1.531,0.804,51,Medium
2011,Seychelles,199,0.484,22.432,4,0.430411765,1.531,0.826,52,Medium
2012,Seychelles,199,0.483,23.246,4,0.425352941,1.531,0.825,52,Medium
2013,Seychelles,199,0.502,23.85,4,0.425372549,1.531,0.852,55,Medium
2014,Seychelles,199,0.503,24.682,4,0.43772549,1.531,0.862,55,Medium
1990,Singapore,200,0.381,22.728,6,0.321357143,NA,0.638,39,Low
1991,Singapore,200,0.385,24.033,6,0.325642857,NA,0.63,39,Low
1992,Singapore,200,0.375,25.274,6,0.337857143,NA,0.63,38,Low
1993,Singapore,200,0.376,27.166,6,0.356714286,NA,0.63,40,Low
1994,Singapore,200,0.378,29.034,6,0.360178571,NA,0.63,41,Low
1995,Singapore,200,0.378,30.708,6,0.362964286,NA,0.63,43,Low
1996,Singapore,200,0.381,32.138,6,0.362714286,NA,0.63,43,Low
1997,Singapore,200,0.39,33.708,6,0.378107143,NA,0.634,44,Low
1998,Singapore,200,0.39,34.252,6,0.385428571,NA,0.634,46,Low
1999,Singapore,200,0.385,35.628,6,0.393392857,NA,0.634,46,Low
2000,Singapore,200,0.394,38.093,6,0.38625,-0.397,0.727,46,Low
2001,Singapore,200,0.393,38.707,6,0.382964286,-0.397,0.782,47,Low
2002,Singapore,200,0.389,39.993,6,0.406392857,-0.397,0.782,47,Low
2003,Singapore,200,0.389,41.622,6,0.417714286,-0.397,0.782,47,Low
2004,Singapore,200,0.389,44.848,6,0.417178571,-0.397,0.782,49,Low
2005,Singapore,200,0.386,48.069,6,0.419071429,-0.397,0.782,49,Low
2006,Singapore,200,0.397,51.066,6,0.402428571,-0.397,0.797,49,Low
2007,Singapore,200,0.394,53.435,6,0.388678571,-0.397,0.806,52,Medium
2008,Singapore,200,0.393,53.267,6,0.424071429,-0.397,0.806,53,Medium
2009,Singapore,200,0.399,53.491,6,0.445964286,-0.397,0.806,53,Medium
2010,Singapore,200,0.402,57.69,6,0.450071429,-0.397,0.797,53,Medium
2011,Singapore,200,0.416,60.19,6,0.456,-0.397,0.789,54,Medium
2012,Singapore,200,0.431,61.819,6,0.452357143,-0.397,0.789,54,Medium
2013,Singapore,200,0.43,62.63,6,0.439892857,-0.397,0.789,54,Medium
2014,Singapore,200,0.43,63.633,6,0.435928571,-0.397,0.802,53,Medium
1993,Slovakia,201,0.76,12.498,1,0.530535714,NA,0.87,40,Low
1994,Slovakia,201,0.715,13.028,1,0.52825,NA,0.853,43,Low
1995,Slovakia,201,0.713,13.69,1,0.526607143,NA,0.853,51,Medium
1996,Slovakia,201,0.713,14.382,1,0.523571429,NA,0.853,53,Medium
1997,Slovakia,201,0.713,14.993,1,0.5335,NA,0.853,56,Medium
1998,Slovakia,201,0.777,15.378,1,0.530103448,NA,0.849,56,Medium
1999,Slovakia,201,0.85,15.514,1,0.525133333,NA,0.854,58,Medium
2000,Slovakia,201,0.854,15.798,1,0.529366667,2.201,0.854,60,Medium
2001,Slovakia,201,0.854,16.382,1,0.531666667,2.201,0.854,62,Medium
2002,Slovakia,201,0.853,17.004,1,0.545966667,2.201,0.872,65,Medium
2003,Slovakia,201,0.852,17.771,1,0.550833333,2.201,0.872,65,Medium
2004,Slovakia,201,0.853,18.662,1,0.5523,2.201,0.87,70,Medium
2005,Slovakia,201,0.853,19.804,1,0.554366667,2.201,0.87,71,High
2006,Slovakia,201,0.824,21.366,1,0.556466667,2.201,0.881,71,High
2007,Slovakia,201,0.835,23.122,1,0.5545,2.201,0.879,73,High
2008,Slovakia,201,0.841,24.13,1,0.551666667,2.201,0.881,73,High
2009,Slovakia,201,0.843,24.105,1,0.556866667,2.201,0.881,76,High
2010,Slovakia,201,0.858,24.96,1,0.561766667,2.201,0.87,76,High
2011,Slovakia,201,0.86,25.519,1,0.5646,2.201,0.87,75,High
2012,Slovakia,201,0.848,26.014,1,0.5606,2.201,0.881,75,High
2013,Slovakia,201,0.838,26.431,1,0.5531,2.201,0.873,77,High
2014,Slovakia,201,0.842,27.069,1,0.5505,2.201,0.873,76,High
1992,Slovenia,202,0.852,17.844,1,0.499296296,NA,0.86,23,Low
1993,Slovenia,202,0.846,18.272,1,0.530535714,NA,0.87,31,Low
1994,Slovenia,202,0.852,19.177,1,0.52825,NA,0.868,38,Low
1995,Slovenia,202,0.847,20.112,1,0.526607143,NA,0.874,44,Low
1996,Slovenia,202,0.855,20.825,1,0.523571429,NA,0.85,47,Low
1997,Slovenia,202,0.846,21.708,1,0.5335,NA,0.856,50,Low
1998,Slovenia,202,0.841,22.448,1,0.530103448,NA,0.856,54,Medium
1999,Slovenia,202,0.841,23.43,1,0.525133333,NA,0.855,56,Medium
2000,Slovenia,202,0.845,24.157,1,0.529366667,2.062,0.871,59,Medium
2001,Slovenia,202,0.826,24.81,1,0.531666667,2.062,0.868,60,Medium
2002,Slovenia,202,0.85,25.384,1,0.545966667,2.062,0.87,61,Medium
2003,Slovenia,202,0.847,26.066,1,0.550833333,2.062,0.869,63,Medium
2004,Slovenia,202,0.828,27.059,1,0.5523,1.407,0.871,69,Medium
2005,Slovenia,202,0.828,28.068,1,0.554366667,1.407,0.869,71,High
2006,Slovenia,202,0.83,29.372,1,0.556466667,1.407,0.869,74,High
2007,Slovenia,202,0.83,30.537,1,0.5545,1.407,0.866,76,High
2008,Slovenia,202,0.832,31.16,1,0.551666667,1.407,0.876,77,High
2009,Slovenia,202,0.878,30.018,1,0.556866667,2.09,0.893,76,High
2010,Slovenia,202,0.872,29.593,1,0.561766667,2.09,0.899,77,High
2011,Slovenia,202,0.862,29.75,1,0.5646,2.09,0.929,77,High
2012,Slovenia,202,0.85,29.345,1,0.5606,2.09,0.939,77,High
2013,Slovenia,202,0.859,29.233,1,0.5531,2.09,0.941,78,High
2014,Slovenia,202,0.865,29.759,1,0.5505,2.09,0.946,76,High
1990,Vanuatu,206,0.68,2.907,6,0.321357143,NA,0.658,27,Low
1991,Vanuatu,206,0.671,2.923,6,0.325642857,NA,0.644,27,Low
1992,Vanuatu,206,0.602,2.919,6,0.337857143,NA,0.644,28,Low
1993,Vanuatu,206,0.602,2.951,6,0.356714286,NA,0.644,28,Low
1994,Vanuatu,206,0.602,3.012,6,0.360178571,NA,0.644,31,Low
1995,Vanuatu,206,0.602,3.016,6,0.362964286,NA,0.644,31,Low
1996,Vanuatu,206,0.6,3.042,6,0.362714286,NA,0.644,31,Low
1997,Vanuatu,206,0.6,3.078,6,0.378107143,NA,0.644,30,Low
1998,Vanuatu,206,0.602,3.059,6,0.385428571,NA,0.63,31,Low
1999,Vanuatu,206,0.602,3.06,6,0.393392857,NA,0.63,31,Low
2000,Vanuatu,206,0.603,3.058,6,0.38625,1.608,0.654,32,Low
2001,Vanuatu,206,0.603,2.971,6,0.382964286,1.608,0.654,33,Low
2002,Vanuatu,206,0.604,2.872,6,0.406392857,1.608,0.666,34,Low
2003,Vanuatu,206,0.605,2.875,6,0.417714286,1.608,0.666,35,Low
2004,Vanuatu,206,0.604,2.896,6,0.417178571,1.608,0.678,36,Low
2005,Vanuatu,206,0.603,2.986,6,0.419071429,1.608,0.678,36,Low
2006,Vanuatu,206,0.603,3.069,6,0.402428571,1.608,0.678,36,Low
2007,Vanuatu,206,0.603,3.151,6,0.388678571,1.608,0.678,37,Low
2008,Vanuatu,206,0.638,3.239,6,0.424071429,1.608,0.678,39,Low
2009,Vanuatu,206,0.711,3.272,6,0.445964286,1.608,0.678,40,Low
2010,Vanuatu,206,0.711,3.282,6,0.450071429,1.608,0.678,41,Low
2011,Vanuatu,206,0.711,3.242,6,0.456,1.608,0.678,42,Low
2012,Vanuatu,206,0.712,3.219,6,0.452357143,1.608,0.654,42,Low
2013,Vanuatu,206,0.716,3.212,6,0.439892857,1.608,0.654,45,Low
2014,Vanuatu,206,0.716,3.183,6,0.435928571,1.608,0.654,44,Low
1990,Hungary,210,0.807,12.075,1,0.479782609,NA,0.908,54,Medium
1991,Hungary,210,0.852,11.681,1,0.473461538,NA,0.907,56,Medium
1992,Hungary,210,0.852,11.591,1,0.499296296,NA,0.908,60,Medium
1993,Hungary,210,0.852,11.737,1,0.530535714,NA,0.911,59,Medium
1994,Hungary,210,0.85,12.042,1,0.52825,NA,0.911,60,Medium
1995,Hungary,210,0.849,12.311,1,0.526607143,NA,0.906,62,Medium
1996,Hungary,210,0.849,12.486,1,0.523571429,NA,0.909,63,Medium
1997,Hungary,210,0.849,12.879,1,0.5335,NA,0.885,66,Medium
1998,Hungary,210,0.846,13.321,1,0.530103448,NA,0.873,68,Medium
1999,Hungary,210,0.847,13.831,1,0.525133333,NA,0.871,70,Medium
2000,Hungary,210,0.847,14.559,1,0.529366667,2.106,0.873,70,Medium
2001,Hungary,210,0.847,15.435,1,0.531666667,2.106,0.872,70,Medium
2002,Hungary,210,0.852,16.512,1,0.545966667,2.106,0.873,70,Medium
2003,Hungary,210,0.853,17.322,1,0.550833333,2.106,0.873,71,High
2004,Hungary,210,0.853,18.031,1,0.5523,2.106,0.871,75,High
2005,Hungary,210,0.853,18.746,1,0.554366667,2.106,0.867,75,High
2006,Hungary,210,0.831,19.415,1,0.556466667,2.106,0.865,75,High
2007,Hungary,210,0.854,19.635,1,0.5545,2.106,0.877,77,High
2008,Hungary,210,0.854,19.951,1,0.551666667,2.106,0.872,76,High
2009,Hungary,210,0.854,19.547,1,0.556866667,2.106,0.873,75,High
2010,Hungary,210,0.805,19.786,1,0.561766667,1.322,0.853,77,High
2011,Hungary,210,0.783,20.102,1,0.5646,1.322,0.853,76,High
2012,Hungary,210,0.779,20.169,1,0.5606,1.322,0.853,76,High
2013,Hungary,210,0.734,20.744,1,0.5531,1.322,0.852,78,High
2014,Hungary,210,0.666,21.432,1,0.5505,1.322,0.853,78,High